PomiarID,Wartosc
1,-5.14
2,-14.65
3,11.65
4,32.62
5,22.01
6,-33.95
7,-26.93
8,-0.39
9,34.83
10,31.43
11,-15.00
12,39.50
13,16.28
14,2.15
15,-37.06
16,-23.52
17,-16.65
18,-29.29
19,4.62
20,-5.57
21,-19.83
22,30.76
23,-20.44
24,25.62
25,37.63
26,-16.59
27,16.63
28,-24.14
29,1.40
30,-3.18
31,7.03
32,39.69
33,-16.49
34,21.90
35,18.88
36,8.89
37,-6.53
38,-2.79
39,-2.01
40,13.27
41,-23.85
42,23.42
43,-16.96
44,-24.51
45,-10.92
46,32.18
47,-20.33
48,-19.08
49,22.72
50,33.28
51,-16.89
52,19.81
53,-4.97
54,27.23
55,-33.57
56,-3.29
57,-13.13
58,17.70
59,-19.02
60,-11.15
61,1.19
62,21.99
63,24.18
64,-27.95
65,1.25
66,14.20
67,-23.79
68,-16.32
69,-10.88
70,11.43
71,36.37
72,37.17
73,-36.56
74,-4.77
75,-15.51
76,-1.39
77,2.73
78,-27.52
79,-17.65
80,-13.99
81,-23.14
82,-31.71
83,32.98
84,40.69
85,28.34
86,20.91
87,-31.72
88,26.11
89,15.99
90,-8.85
91,30.42
92,14.57
93,24.90
94,34.94
95,4.38
96,26.57
97,-33.50
98,-37.69
99,28.59
100,36.81
101,-24.55
102,5.52
103,-15.54
104,-33.85
105,-38.42
106,12.12
107,13.12
108,-1.34
109,13.83
110,20.26
111,33.97
112,14.00
113,-29.81
114,-11.99
115,4.65
116,20.47
117,17.06
118,11.50
119,28.67
120,1.35
121,-39.22
122,-14.31
123,30.62
124,20.91
125,2.05
126,11.12
127,-9.22
128,22.02
129,-14.66
130,-23.68
131,-36.37
132,-16.48
133,-31.95
134,-38.02
135,12.03
136,-2.05
137,-27.18
138,14.53
139,3.74
140,-40.06
141,12.30
142,8.63
143,-5.44
144,32.00
145,33.45
146,-36.49
147,27.34
148,-17.38
149,15.12
150,4.88
151,18.84
152,40.13
153,13.64
154,28.99
155,19.79
156,37.34
157,27.01
158,25.69
159,-1.82
160,29.42
161,-33.14
162,-8.36
163,26.71
164,-37.35
165,-16.99
166,9.41
167,11.53
168,-16.40
169,-17.71
170,34.75
171,31.09
172,37.90
173,40.84
174,4.14
175,-37.05
176,-36.86
177,-4.25
178,-37.70
179,-31.39
180,-17.97
181,39.09
182,-32.04
183,-30.89
184,-14.06
185,30.60
186,35.75
187,6.12
188,-29.58
189,-30.18
190,-33.30
191,-5.99
192,-1.84
193,-34.08
194,26.96
195,-17.80
196,3.63
197,-33.58
198,39.19
199,1.82
200,31.39
201,17.62
202,-34.94
203,33.36
204,-10.52
205,22.01
206,22.49
207,-37.16
208,39.48
209,32.08
210,-36.17
211,33.92
212,-24.84
213,29.10
214,26.28
215,-18.67
216,-2.83
217,31.62
218,-3.34
219,-36.46
220,-36.58
221,-34.50
222,-35.11
223,-2.57
224,36.99
225,32.75
226,-5.59
227,30.84
228,39.74
229,15.43
230,-16.47
231,39.00
232,-18.74
233,1.50
234,-6.32
235,11.59
236,-31.97
237,-4.94
238,21.36
239,-33.31
240,22.42
241,8.76
242,13.73
243,-23.13
244,-3.31
245,9.25
246,25.46
247,33.19
248,37.94
249,25.64
250,-26.57
251,-2.95
252,-29.83
253,38.93
254,-23.78
255,-6.28
256,3.57
257,-12.70
258,0.76
259,3.53
260,13.69
261,-6.22
262,-7.24
263,29.85
264,36.46
265,-7.20
266,35.14
267,-6.34
268,-20.32
269,-9.41
270,-38.72
271,10.37
272,16.73
273,9.76
274,-23.90
275,27.59
276,-0.33
277,8.32
278,23.55
279,-40.03
280,-38.25
281,29.73
282,18.97
283,20.36
284,9.34
285,29.75
286,15.02
287,-29.48
288,-20.59
289,-8.25
290,18.43
291,14.68
292,-6.92
293,10.24
294,-14.21
295,-5.30
296,-21.81
297,31.01
298,-35.34
299,7.03
300,-20.96
301,27.69
302,33.84
303,-25.04
304,-23.47
305,-35.73
306,23.28
307,27.47
308,16.88
309,15.24
310,27.74
311,15.27
312,31.30
313,32.02
314,30.22
315,12.88
316,-36.05
317,-10.30
318,-30.64
319,-21.09
320,1.05
321,8.18
322,-8.41
323,-3.45
324,-40.69
325,1.49
326,35.50
327,-20.74
328,-16.48
329,-38.88
330,-13.88
331,18.75
332,1.95
333,-37.09
334,36.71
335,-7.55
336,2.78
337,-0.97
338,17.67
339,-13.44
340,2.29
341,-6.96
342,31.84
343,-25.22
344,32.66
345,4.88
346,-34.74
347,27.10
348,-37.35
349,40.77
350,22.83
351,-23.03
352,-12.50
353,1.04
354,29.31
355,14.16
356,-19.72
357,-23.41
358,23.87
359,5.76
360,5.85
361,28.56
362,-15.05
363,18.61
364,-4.93
365,-35.22
366,-17.69
367,38.89
368,-1.18
369,-9.30
370,-22.78
371,12.09
372,14.01
373,-40.19
374,24.23
375,15.38
376,6.23
377,-30.49
378,40.60
379,-38.19
380,-28.37
381,28.40
382,33.15
383,-24.92
384,34.31
385,-20.46
386,37.63
387,9.72
388,-39.41
389,31.08
390,-15.51
391,21.28
392,4.20
393,-29.22
394,4.42
395,21.02
396,1.92
397,13.42
398,-23.15
399,5.03
400,38.93
401,-37.20
402,39.40
403,-10.71
404,-10.22
405,38.24
406,18.37
407,-32.60
408,-25.99
409,21.33
410,19.61
411,16.52
412,0.80
413,26.39
414,9.72
415,-10.37
416,-29.29
417,-14.43
418,31.84
419,-22.07
420,-9.83
421,-0.02
422,12.38
423,-24.65
424,-26.21
425,-2.28
426,35.26
427,-37.58
428,-2.99
429,-29.59
430,15.46
431,24.04
432,-34.62
433,-40.57
434,10.30
435,-27.75
436,2.64
437,18.39
438,20.26
439,12.69
440,-37.85
441,13.03
442,23.17
443,-26.16
444,-17.26
445,20.25
446,36.37
447,-22.08
448,36.03
449,-27.93
450,-34.83
451,-26.97
452,14.21
453,-11.94
454,26.24
455,36.37
456,-5.90
457,-39.31
458,11.67
459,33.60
460,-4.76
461,37.54
462,11.46
463,36.37
464,-6.30
465,-38.22
466,15.29
467,-29.42
468,26.54
469,-21.43
470,-39.61
471,5.96
472,-16.84
473,-12.01
474,-21.24
475,3.90
476,-33.96
477,22.53
478,25.80
479,-12.26
480,-5.87
481,-25.70
482,-39.85
483,28.59
484,17.45
485,-7.12
486,16.59
487,-28.17
488,37.83
489,-1.21
490,-24.93
491,18.82
492,28.43
493,2.85
494,-3.56
495,40.25
496,32.11
497,-35.16
498,21.05
499,-29.66
500,-29.18
501,-14.86
502,-31.78
503,-38.35
504,-37.96
505,-30.35
506,-10.87
507,-24.15
508,-25.32
509,-7.48
510,21.68
511,-40.96
512,-11.57
513,-39.52
514,-18.84
515,24.81
516,29.12
517,25.65
518,28.17
519,-30.88
520,16.33
521,-12.02
522,3.74
523,-35.19
524,21.81
525,14.88
526,26.06
527,30.76
528,31.20
529,-0.50
530,-13.41
531,-3.07
532,28.44
533,-34.73
534,-18.89
535,-9.96
536,39.73
537,-33.25
538,-7.76
539,-9.44
540,17.91
541,-29.46
542,-25.63
543,-3.41
544,38.80
545,22.25
546,-34.19
547,35.69
548,6.72
549,-35.62
550,-25.55
551,-4.97
552,31.90
553,11.70
554,-40.80
555,8.48
556,-37.51
557,-13.14
558,22.72
559,-19.63
560,-37.96
561,10.17
562,27.97
563,-12.92
564,37.76
565,9.90
566,34.27
567,-22.17
568,22.74
569,20.52
570,-16.72
571,-13.32
572,12.52
573,-27.65
574,-12.76
575,6.87
576,27.41
577,6.50
578,-8.78
579,0.70
580,7.31
581,-29.01
582,-40.87
583,21.58
584,-9.89
585,-38.57
586,9.07
587,6.01
588,34.96
589,1.81
590,-21.80
591,-38.79
592,-31.06
593,-0.62
594,24.42
595,20.47
596,-16.24
597,-31.35
598,29.52
599,35.18
600,-19.30
601,-3.69
602,34.91
603,15.88
604,-3.12
605,-21.70
606,-15.44
607,-16.02
608,-37.15
609,27.83
610,-28.98
611,-7.48
612,16.42
613,-33.08
614,25.06
615,26.41
616,39.45
617,14.22
618,16.45
619,19.31
620,16.50
621,27.05
622,37.87
623,-40.09
624,21.04
625,-11.04
626,-17.12
627,-6.86
628,-32.17
629,-8.25
630,30.57
631,1.31
632,1.40
633,33.61
634,-19.00
635,17.91
636,35.34
637,28.25
638,-19.06
639,-12.80
640,-15.74
641,34.30
642,31.07
643,-34.81
644,-9.76
645,-31.29
646,4.70
647,-9.27
648,-5.45
649,36.67
650,39.34
651,17.71
652,-10.58
653,33.39
654,17.59
655,23.32
656,-18.62
657,-23.34
658,-23.51
659,38.28
660,9.68
661,-10.80
662,26.38
663,-31.04
664,-37.99
665,-39.47
666,35.42
667,1.23
668,-0.87
669,-13.11
670,30.56
671,29.77
672,3.45
673,14.92
674,7.28
675,16.40
676,-15.92
677,30.84
678,-17.66
679,14.81
680,13.07
681,-4.54
682,30.70
683,35.20
684,-9.76
685,-35.71
686,-22.50
687,-37.38
688,-25.38
689,-39.58
690,40.78
691,-5.69
692,-37.63
693,-15.27
694,40.18
695,27.45
696,-9.71
697,20.54
698,-19.33
699,9.60
700,6.89
701,-33.69
702,12.05
703,21.16
704,5.70
705,-22.86
706,7.89
707,36.62
708,27.06
709,-27.27
710,11.68
711,-32.26
712,-5.15
713,36.31
714,-28.33
715,13.18
716,33.71
717,-31.41
718,-11.72
719,20.19
720,19.77
721,-16.79
722,4.29
723,1.59
724,-10.75
725,-27.27
726,8.03
727,1.25
728,17.70
729,-37.01
730,35.39
731,-11.72
732,20.67
733,34.52
734,-39.30
735,39.15
736,-6.19
737,25.05
738,-5.73
739,11.80
740,-36.29
741,35.79
742,-11.62
743,-13.35
744,9.39
745,35.52
746,16.75
747,-18.21
748,-2.79
749,40.21
750,-26.56
751,-32.28
752,9.04
753,20.86
754,-1.92
755,37.93
756,22.02
757,8.76
758,37.29
759,-8.71
760,-21.20
761,9.26
762,-28.00
763,14.59
764,-33.77
765,16.81
766,-39.80
767,3.38
768,28.11
769,-13.09
770,30.60
771,-38.20
772,-7.08
773,12.76
774,14.20
775,-25.53
776,-2.67
777,3.62
778,4.41
779,4.40
780,-20.47
781,9.41
782,-30.05
783,8.47
784,30.35
785,-14.13
786,-19.60
787,0.25
788,-16.51
789,-34.51
790,-32.23
791,10.44
792,24.42
793,4.58
794,-7.87
795,0.66
796,-34.91
797,-16.53
798,32.92
799,-9.63
800,24.67
801,36.54
802,33.71
803,-38.43
804,-30.17
805,9.48
806,-5.72
807,-26.75
808,-11.32
809,-32.41
810,11.68
811,40.25
812,-12.48
813,-40.72
814,-0.08
815,11.46
816,-35.54
817,12.32
818,25.02
819,-26.15
820,18.92
821,-24.65
822,-19.50
823,-34.73
824,9.45
825,-13.83
826,-19.48
827,-11.13
828,19.28
829,33.69
830,-31.16
831,-17.78
832,24.68
833,-38.43
834,33.92
835,-2.95
836,28.72
837,39.36
838,3.89
839,-4.31
840,-34.05
841,6.00
842,-36.15
843,-23.92
844,-6.47
845,34.80
846,8.31
847,-32.81
848,-15.45
849,38.23
850,25.06
851,16.41
852,-29.31
853,-12.37
854,10.54
855,22.74
856,4.55
857,-8.69
858,-40.31
859,-6.25
860,18.97
861,-25.67
862,26.78
863,-27.17
864,10.51
865,0.75
866,-37.03
867,-4.43
868,-7.97
869,-13.27
870,-30.31
871,7.56
872,-6.73
873,17.76
874,-19.93
875,-28.34
876,-0.12
877,-8.24
878,-20.54
879,-13.13
880,-29.63
881,5.40
882,34.13
883,10.81
884,-33.27
885,-32.29
886,4.16
887,32.57
888,-33.88
889,-11.92
890,38.42
891,16.96
892,-29.22
893,5.23
894,-34.50
895,28.36
896,-8.10
897,18.52
898,-13.87
899,34.51
900,29.18
901,-19.68
902,26.65
903,-38.80
904,25.55
905,-36.00
906,-37.43
907,29.98
908,-37.78
909,-32.62
910,38.85
911,0.45
912,-40.74
913,40.64
914,4.16
915,-29.44
916,0.37
917,-6.43
918,31.69
919,-3.98
920,25.16
921,9.40
922,18.66
923,-12.35
924,-23.94
925,-34.89
926,-10.03
927,29.45
928,11.18
929,-13.86
930,22.27
931,-9.39
932,2.36
933,4.66
934,37.04
935,33.59
936,15.48
937,-40.52
938,15.11
939,9.50
940,-25.91
941,-11.89
942,14.18
943,18.17
944,26.75
945,-38.70
946,-14.06
947,-39.18
948,11.06
949,-2.33
950,-33.14
951,6.25
952,-7.36
953,-27.42
954,9.94
955,1.59
956,-32.03
957,20.06
958,37.01
959,-27.77
960,23.13
961,34.66
962,7.86
963,40.84
964,37.80
965,33.41
966,12.80
967,-38.29
968,-2.95
969,24.65
970,-35.70
971,26.95
972,13.01
973,23.23
974,40.74
975,-13.08
976,-3.01
977,17.56
978,39.30
979,-22.48
980,15.14
981,17.19
982,-37.73
983,-17.78
984,11.46
985,-21.90
986,-33.92
987,30.55
988,29.94
989,-19.05
990,-31.56
991,-24.71
992,32.63
993,22.28
994,22.94
995,-3.02
996,26.41
997,-2.64
998,-4.27
999,-10.46
1000,-11.45
1001,9.29
1002,3.60
1003,40.59
1004,-37.21
1005,16.64
1006,22.96
1007,17.11
1008,-15.91
1009,-32.63
1010,-23.75
1011,-35.54
1012,-37.11
1013,25.82
1014,0.11
1015,15.72
1016,-32.57
1017,-9.73
1018,-27.79
1019,-18.18
1020,-2.48
1021,-0.15
1022,36.48
1023,-23.42
1024,23.75
1025,-9.13
1026,-36.45
1027,11.55
1028,16.61
1029,-19.88
1030,-14.52
1031,-17.76
1032,36.27
1033,-34.81
1034,-14.53
1035,-5.38
1036,32.93
1037,-5.08
1038,-3.21
1039,12.05
1040,-13.07
1041,8.48
1042,-11.73
1043,14.59
1044,38.62
1045,-9.61
1046,18.08
1047,33.18
1048,-31.91
1049,39.39
1050,-18.38
1051,-9.56
1052,25.37
1053,23.03
1054,36.85
1055,11.86
1056,6.11
1057,-31.46
1058,22.92
1059,16.03
1060,23.52
1061,35.21
1062,11.80
1063,19.08
1064,-22.68
1065,-14.82
1066,35.87
1067,34.58
1068,-40.77
1069,38.96
1070,-13.11
1071,0.02
1072,-11.71
1073,-11.30
1074,-24.86
1075,-27.67
1076,-24.12
1077,-10.27
1078,-31.03
1079,21.86
1080,31.39
1081,-22.86
1082,3.07
1083,-20.83
1084,-6.57
1085,-15.10
1086,26.47
1087,8.06
1088,-40.31
1089,33.96
1090,10.74
1091,-3.44
1092,13.55
1093,-21.41
1094,24.40
1095,25.11
1096,22.11
1097,12.89
1098,40.83
1099,20.19
1100,-24.79
1101,-3.37
1102,-28.67
1103,-17.09
1104,7.10
1105,-9.57
1106,-34.55
1107,24.43
1108,30.68
1109,-30.30
1110,-39.26
1111,16.88
1112,23.30
1113,21.93
1114,-3.67
1115,-16.81
1116,-20.85
1117,-15.67
1118,-39.23
1119,6.64
1120,-15.40
1121,-16.27
1122,33.89
1123,6.50
1124,7.71
1125,1.56
1126,7.90
1127,33.86
1128,33.08
1129,-37.48
1130,-34.83
1131,29.88
1132,-16.26
1133,-35.42
1134,19.18
1135,-30.52
1136,-21.00
1137,22.95
1138,-36.18
1139,-16.31
1140,-17.35
1141,-2.38
1142,-36.18
1143,9.31
1144,-27.80
1145,-8.57
1146,-29.78
1147,7.99
1148,-4.32
1149,30.88
1150,18.86
1151,17.82
1152,-38.88
1153,-14.25
1154,-29.58
1155,32.74
1156,15.04
1157,-13.44
1158,-6.66
1159,-10.09
1160,23.96
1161,-7.48
1162,29.87
1163,-15.26
1164,40.27
1165,-14.96
1166,36.89
1167,-8.18
1168,1.54
1169,-13.98
1170,0.62
1171,2.42
1172,29.90
1173,-7.61
1174,-18.66
1175,35.44
1176,-12.16
1177,34.50
1178,-6.09
1179,-23.60
1180,31.69
1181,-25.01
1182,25.01
1183,13.26
1184,14.86
1185,-26.78
1186,-2.84
1187,-5.03
1188,-8.08
1189,-3.61
1190,22.48
1191,-22.73
1192,24.55
1193,-23.34
1194,-4.87
1195,-32.81
1196,-40.29
1197,-36.46
1198,33.91
1199,38.08
1200,-26.01
1201,-20.56
1202,-28.21
1203,-2.92
1204,-37.38
1205,-33.68
1206,15.79
1207,-0.88
1208,-9.96
1209,-1.52
1210,36.31
1211,18.14
1212,22.12
1213,9.43
1214,25.05
1215,-32.19
1216,22.61
1217,-36.90
1218,37.16
1219,-11.83
1220,20.55
1221,-20.36
1222,-21.27
1223,32.86
1224,-27.25
1225,2.00
1226,27.49
1227,28.45
1228,-8.04
1229,-30.27
1230,38.54
1231,-15.76
1232,-30.40
1233,18.43
1234,36.05
1235,-21.83
1236,11.35
1237,20.56
1238,-21.87
1239,-27.63
1240,-40.54
1241,28.24
1242,0.12
1243,-11.54
1244,-9.13
1245,-20.40
1246,19.77
1247,-3.53
1248,-1.16
1249,-7.08
1250,29.64
1251,25.83
1252,29.40
1253,23.32
1254,40.65
1255,-9.72
1256,2.48
1257,-2.14
1258,-3.80
1259,36.06
1260,-25.45
1261,-26.62
1262,-18.90
1263,-23.62
1264,29.16
1265,-20.33
1266,5.75
1267,-40.45
1268,38.98
1269,-3.27
1270,2.83
1271,37.82
1272,-40.16
1273,8.79
1274,16.36
1275,-36.13
1276,-17.41
1277,-38.48
1278,19.78
1279,24.45
1280,-21.48
1281,36.21
1282,30.40
1283,-27.01
1284,27.99
1285,-3.57
1286,11.93
1287,-1.50
1288,-21.87
1289,37.21
1290,26.90
1291,-0.99
1292,-40.85
1293,-5.08
1294,1.56
1295,0.67
1296,10.09
1297,-13.65
1298,20.17
1299,-14.99
1300,13.68
1301,13.99
1302,-12.85
1303,19.41
1304,38.92
1305,7.99
1306,5.49
1307,38.53
1308,34.41
1309,-35.52
1310,8.87
1311,14.96
1312,-23.78
1313,2.80
1314,23.34
1315,15.70
1316,25.39
1317,-31.72
1318,11.52
1319,21.58
1320,14.43
1321,38.61
1322,-19.87
1323,5.03
1324,-6.04
1325,-23.73
1326,-0.22
1327,-31.64
1328,10.00
1329,19.85
1330,-18.15
1331,32.42
1332,10.23
1333,29.43
1334,-5.15
1335,18.15
1336,-38.19
1337,32.42
1338,-13.45
1339,-10.68
1340,-25.48
1341,-0.33
1342,21.53
1343,30.59
1344,31.26
1345,0.25
1346,7.22
1347,3.22
1348,-4.19
1349,-23.30
1350,22.04
1351,16.04
1352,-16.91
1353,39.56
1354,-35.82
1355,14.90
1356,12.13
1357,12.27
1358,-20.11
1359,0.32
1360,-34.44
1361,33.38
1362,-34.62
1363,36.71
1364,-21.77
1365,10.81
1366,-38.07
1367,30.66
1368,5.26
1369,-6.54
1370,33.56
1371,31.35
1372,4.84
1373,2.28
1374,-1.94
1375,-24.91
1376,8.33
1377,-19.75
1378,-12.15
1379,4.00
1380,-8.08
1381,19.65
1382,-16.30
1383,-17.39
1384,-27.72
1385,11.24
1386,31.94
1387,-0.23
1388,-38.05
1389,-33.15
1390,-4.05
1391,-17.00
1392,-23.30
1393,-27.24
1394,-20.35
1395,16.25
1396,34.96
1397,24.49
1398,40.39
1399,-10.00
1400,-14.66
1401,32.26
1402,-36.47
1403,-35.52
1404,-32.66
1405,39.02
1406,-26.33
1407,-22.68
1408,-3.64
1409,34.99
1410,-35.86
1411,1.79
1412,-27.55
1413,17.16
1414,19.66
1415,21.28
1416,-7.45
1417,31.82
1418,32.49
1419,25.15
1420,2.32
1421,14.39
1422,-14.78
1423,24.73
1424,-12.67
1425,-14.44
1426,-0.37
1427,-35.01
1428,-1.97
1429,-35.37
1430,26.78
1431,18.38
1432,-13.18
1433,35.82
1434,-23.41
1435,-35.14
1436,15.34
1437,33.43
1438,-8.76
1439,-23.73
1440,34.63
1441,-34.37
1442,6.02
1443,-20.58
1444,-20.44
1445,-13.05
1446,-38.26
1447,33.49
1448,-16.09
1449,-10.09
1450,-13.04
1451,9.58
1452,28.34
1453,36.98
1454,-0.25
1455,-40.85
1456,25.53
1457,-16.11
1458,11.09
1459,-11.28
1460,-21.07
1461,-22.91
1462,4.34
1463,27.18
1464,12.46
1465,0.26
1466,-36.53
1467,-37.59
1468,-1.85
1469,37.42
1470,27.52
1471,-9.22
1472,9.70
1473,-34.84
1474,-7.80
1475,4.26
1476,-26.47
1477,-8.83
1478,16.28
1479,-34.71
1480,-15.88
1481,39.08
1482,27.71
1483,-22.00
1484,-33.89
1485,-30.87
1486,28.61
1487,5.95
1488,39.32
1489,7.44
1490,16.72
1491,-32.76
1492,-1.54
1493,39.27
1494,-40.94
1495,-18.69
1496,-34.18
1497,-38.96
1498,-4.57
1499,17.02
1500,18.05
1501,28.45
1502,-34.77
1503,32.38
1504,-31.91
1505,16.03
1506,28.69
1507,39.81
1508,32.98
1509,38.22
1510,-8.54
1511,-39.50
1512,-14.54
1513,23.90
1514,30.83
1515,-25.44
1516,38.20
1517,21.42
1518,24.42
1519,38.84
1520,-28.65
1521,-23.36
1522,-35.07
1523,22.22
1524,-26.73
1525,28.80
1526,-28.70
1527,-11.85
1528,-22.24
1529,24.35
1530,40.13
1531,-24.35
1532,-10.60
1533,-1.74
1534,28.66
1535,36.76
1536,16.75
1537,1.24
1538,-8.65
1539,-33.59
1540,26.48
1541,33.15
1542,-37.57
1543,33.80
1544,-26.34
1545,-38.08
1546,30.15
1547,-26.71
1548,27.11
1549,-16.66
1550,-5.39
1551,13.88
1552,11.55
1553,-34.83
1554,-30.28
1555,-6.70
1556,12.61
1557,5.69
1558,17.08
1559,-39.27
1560,-25.42
1561,-10.23
1562,34.52
1563,34.92
1564,-10.69
1565,10.52
1566,2.36
1567,-8.07
1568,32.38
1569,4.19
1570,-36.92
1571,4.89
1572,-12.53
1573,-26.80
1574,25.10
1575,13.96
1576,29.06
1577,3.44
1578,-1.68
1579,-23.72
1580,-27.09
1581,33.41
1582,-30.59
1583,-8.13
1584,4.59
1585,19.58
1586,21.73
1587,4.56
1588,-31.62
1589,-15.46
1590,-27.87
1591,-33.12
1592,-17.29
1593,16.90
1594,-22.48
1595,-14.28
1596,-2.44
1597,28.13
1598,-24.62
1599,15.18
1600,18.09
1601,-31.87
1602,30.54
1603,-34.63
1604,-35.35
1605,-6.12
1606,-19.31
1607,7.87
1608,-14.94
1609,34.79
1610,-7.15
1611,-2.03
1612,-0.41
1613,36.56
1614,5.44
1615,24.59
1616,21.14
1617,-25.04
1618,-28.95
1619,29.95
1620,7.86
1621,19.84
1622,-6.43
1623,-2.00
1624,-18.63
1625,39.76
1626,-23.68
1627,30.14
1628,26.50
1629,13.74
1630,22.33
1631,7.69
1632,-38.36
1633,14.01
1634,-23.25
1635,-12.79
1636,36.13
1637,-6.52
1638,-8.21
1639,-15.37
1640,36.22
1641,-20.35
1642,-36.47
1643,33.44
1644,13.12
1645,-6.26
1646,-8.71
1647,5.77
1648,-10.07
1649,-10.21
1650,0.30
1651,-31.03
1652,27.65
1653,10.34
1654,-32.96
1655,-4.68
1656,-18.04
1657,21.84
1658,-3.73
1659,-1.27
1660,-30.86
1661,25.06
1662,20.09
1663,-4.12
1664,26.38
1665,16.44
1666,17.24
1667,-31.52
1668,-2.96
1669,-39.21
1670,-10.40
1671,35.40
1672,-1.07
1673,40.13
1674,-14.66
1675,-16.26
1676,-14.58
1677,-39.24
1678,-1.74
1679,-15.99
1680,0.46
1681,-17.74
1682,-2.06
1683,-30.56
1684,6.92
1685,9.66
1686,-11.09
1687,11.09
1688,-2.37
1689,32.11
1690,14.84
1691,-26.40
1692,38.96
1693,32.51
1694,39.15
1695,33.62
1696,34.24
1697,9.69
1698,39.78
1699,19.73
1700,-21.22
1701,-22.97
1702,-8.91
1703,-25.34
1704,32.66
1705,-4.63
1706,-17.68
1707,-21.53
1708,-22.64
1709,12.96
1710,21.32
1711,13.68
1712,-29.09
1713,3.54
1714,-38.82
1715,-0.81
1716,18.16
1717,-3.25
1718,-4.46
1719,-17.73
1720,40.44
1721,31.96
1722,-12.55
1723,32.30
1724,-10.44
1725,10.23
1726,-19.31
1727,-6.85
1728,-23.52
1729,17.09
1730,26.92
1731,4.24
1732,-28.97
1733,-29.11
1734,35.30
1735,36.89
1736,-25.02
1737,3.36
1738,22.14
1739,22.55
1740,-3.59
1741,37.59
1742,27.24
1743,-40.21
1744,-40.32
1745,38.68
1746,-25.13
1747,3.22
1748,32.39
1749,29.45
1750,5.36
1751,19.34
1752,38.10
1753,-31.85
1754,24.25
1755,28.56
1756,38.86
1757,-20.64
1758,11.64
1759,-35.90
1760,-29.64
1761,-2.22
1762,37.98
1763,-35.06
1764,29.02
1765,13.29
1766,36.08
1767,20.00
1768,-20.99
1769,-0.93
1770,21.96
1771,-18.71
1772,11.65
1773,-0.49
1774,11.99
1775,37.05
1776,25.70
1777,28.80
1778,21.33
1779,-19.78
1780,-27.80
1781,-25.90
1782,0.86
1783,-11.31
1784,14.67
1785,30.09
1786,36.81
1787,-21.41
1788,-28.18
1789,28.14
1790,11.03
1791,7.23
1792,-32.82
1793,13.84
1794,35.54
1795,-32.58
1796,23.04
1797,32.22
1798,13.61
1799,7.26
1800,20.30
1801,-25.50
1802,40.18
1803,38.20
1804,25.97
1805,-28.78
1806,15.42
1807,-7.12
1808,25.83
1809,-7.64
1810,-21.48
1811,36.99
1812,-7.33
1813,9.84
1814,28.70
1815,-18.36
1816,-1.00
1817,-27.26
1818,-0.76
1819,33.27
1820,10.71
1821,10.88
1822,-3.73
1823,39.24
1824,-38.62
1825,-26.28
1826,8.88
1827,-9.12
1828,14.88
1829,36.87
1830,13.97
1831,23.29
1832,-33.22
1833,11.75
1834,32.36
1835,2.46
1836,14.20
1837,-35.64
1838,27.40
1839,10.55
1840,-21.87
1841,-20.10
1842,19.08
1843,14.38
1844,11.91
1845,-21.75
1846,-37.71
1847,-6.93
1848,4.42
1849,-34.15
1850,-2.40
1851,30.74
1852,0.68
1853,-36.68
1854,18.82
1855,15.56
1856,-1.22
1857,10.21
1858,-12.81
1859,-15.30
1860,-0.20
1861,-31.31
1862,35.19
1863,-5.84
1864,-12.24
1865,-11.34
1866,23.29
1867,24.83
1868,40.20
1869,-39.78
1870,34.26
1871,-31.17
1872,-13.70
1873,5.88
1874,10.68
1875,-13.52
1876,11.34
1877,22.51
1878,13.54
1879,-23.81
1880,3.31
1881,-38.27
1882,-31.58
1883,35.86
1884,36.65
1885,4.53
1886,-32.92
1887,-24.61
1888,7.85
1889,-30.09
1890,-35.78
1891,-11.52
1892,6.85
1893,19.93
1894,12.53
1895,-18.84
1896,22.50
1897,-14.97
1898,-17.85
1899,8.41
1900,-28.78
1901,24.96
1902,3.82
1903,-0.95
1904,40.82
1905,-33.01
1906,-31.93
1907,10.04
1908,-24.58
1909,-21.98
1910,13.87
1911,17.94
1912,-33.65
1913,-28.83
1914,8.97
1915,17.61
1916,10.85
1917,-21.54
1918,-20.64
1919,-19.23
1920,-39.73
1921,-9.97
1922,7.76
1923,23.57
1924,-22.62
1925,20.85
1926,27.64
1927,2.80
1928,25.01
1929,8.19
1930,-11.91
1931,-23.33
1932,-39.74
1933,-11.22
1934,3.33
1935,-6.05
1936,-39.38
1937,1.61
1938,-18.14
1939,14.51
1940,-7.80
1941,22.23
1942,17.14
1943,-23.91
1944,-0.93
1945,-16.97
1946,10.79
1947,-10.75
1948,-25.41
1949,0.56
1950,-12.45
1951,35.26
1952,33.21
1953,25.55
1954,0.91
1955,-9.92
1956,37.84
1957,30.70
1958,-21.79
1959,-19.71
1960,-24.54
1961,-25.06
1962,-26.19
1963,35.60
1964,-2.88
1965,3.08
1966,-2.63
1967,-36.74
1968,-2.72
1969,11.35
1970,-36.32
1971,18.00
1972,-8.17
1973,-9.81
1974,-18.85
1975,-1.93
1976,24.43
1977,36.30
1978,-3.25
1979,-20.24
1980,30.49
1981,-35.48
1982,15.27
1983,-26.10
1984,7.71
1985,9.00
1986,-0.10
1987,15.38
1988,10.62
1989,-9.88
1990,32.26
1991,-2.71
1992,13.10
1993,-20.02
1994,-25.63
1995,11.88
1996,40.68
1997,-7.20
1998,-24.06
1999,-16.19
2000,7.96
2001,34.66
2002,32.63
2003,18.82
2004,-17.50
2005,-37.10
2006,7.22
2007,-23.74
2008,26.67
2009,-40.66
2010,14.60
2011,-15.43
2012,-5.89
2013,36.44
2014,-36.11
2015,19.45
2016,3.94
2017,20.46
2018,-30.09
2019,-19.84
2020,-18.49
2021,-12.30
2022,-40.86
2023,-35.13
2024,14.44
2025,10.76
2026,-30.94
2027,-20.12
2028,9.83
2029,-35.70
2030,39.68
2031,-26.25
2032,-30.24
2033,-10.74
2034,-11.30
2035,13.22
2036,10.33
2037,20.39
2038,21.83
2039,15.03
2040,20.38
2041,2.31
2042,36.95
2043,-24.76
2044,-15.25
2045,-8.44
2046,-38.66
2047,-27.84
2048,28.70
2049,25.78
2050,-30.11
2051,-6.48
2052,9.40
2053,-39.85
2054,14.09
2055,-0.16
2056,-32.86
2057,35.84
2058,-23.29
2059,-40.39
2060,34.36
2061,-15.57
2062,13.48
2063,-39.56
2064,39.37
2065,-37.49
2066,-6.34
2067,37.58
2068,-10.52
2069,-10.06
2070,-24.81
2071,-26.00
2072,26.02
2073,2.60
2074,17.32
2075,-1.96
2076,-40.27
2077,13.70
2078,-38.25
2079,17.98
2080,19.51
2081,7.47
2082,-22.61
2083,23.71
2084,30.01
2085,-19.42
2086,1.19
2087,-30.16
2088,36.71
2089,32.74
2090,23.04
2091,-2.26
2092,-4.56
2093,-32.75
2094,-8.84
2095,17.80
2096,-2.91
2097,-16.52
2098,-10.96
2099,-29.12
2100,17.15
2101,24.06
2102,-19.55
2103,4.45
2104,-6.34
2105,-8.97
2106,29.24
2107,-27.23
2108,-34.98
2109,-3.27
2110,0.10
2111,4.34
2112,10.93
2113,-0.01
2114,17.29
2115,32.82
2116,1.31
2117,-20.87
2118,-35.67
2119,-11.46
2120,26.89
2121,37.13
2122,37.94
2123,18.50
2124,10.71
2125,6.17
2126,31.66
2127,-4.94
2128,-3.89
2129,-24.80
2130,-16.13
2131,30.78
2132,-1.50
2133,17.62
2134,-38.39
2135,-14.00
2136,30.90
2137,40.23
2138,-14.26
2139,29.95
2140,22.50
2141,-37.57
2142,17.15
2143,-7.64
2144,5.15
2145,39.78
2146,34.03
2147,17.09
2148,10.03
2149,23.44
2150,-13.04
2151,-13.55
2152,39.43
2153,-16.63
2154,-26.20
2155,39.50
2156,0.23
2157,23.06
2158,-37.62
2159,-40.94
2160,6.88
2161,-35.80
2162,29.06
2163,29.70
2164,18.93
2165,-9.57
2166,-11.11
2167,-21.88
2168,27.64
2169,27.86
2170,34.21
2171,-38.60
2172,37.74
2173,-16.74
2174,-31.73
2175,30.54
2176,24.27
2177,-39.28
2178,3.09
2179,2.67
2180,-25.29
2181,-36.46
2182,33.66
2183,12.89
2184,27.45
2185,6.59
2186,37.96
2187,-14.40
2188,7.84
2189,-37.39
2190,10.35
2191,6.43
2192,39.60
2193,-32.68
2194,-11.23
2195,-6.03
2196,-27.44
2197,-4.54
2198,-14.72
2199,-22.36
2200,38.91
2201,-4.81
2202,-36.66
2203,33.42
2204,24.01
2205,-4.44
2206,-21.26
2207,15.45
2208,12.81
2209,-17.63
2210,-6.98
2211,-30.30
2212,-22.06
2213,-6.02
2214,-22.55
2215,-5.09
2216,18.13
2217,19.78
2218,37.79
2219,2.29
2220,25.54
2221,-20.25
2222,-18.43
2223,-33.40
2224,-33.96
2225,7.54
2226,-5.47
2227,-5.55
2228,-24.66
2229,-10.57
2230,7.59
2231,13.15
2232,-25.59
2233,16.64
2234,-11.65
2235,7.09
2236,8.94
2237,30.46
2238,-31.93
2239,-11.60
2240,-26.67
2241,-37.10
2242,-10.46
2243,-5.19
2244,-26.53
2245,36.57
2246,-4.56
2247,2.95
2248,5.08
2249,19.31
2250,34.59
2251,30.05
2252,34.63
2253,29.78
2254,4.64
2255,-38.33
2256,-11.17
2257,10.99
2258,-16.64
2259,36.99
2260,-1.87
2261,27.59
2262,10.06
2263,-14.46
2264,-13.88
2265,10.68
2266,-7.75
2267,2.59
2268,38.82
2269,-3.47
2270,4.24
2271,-19.87
2272,7.51
2273,-9.55
2274,-20.06
2275,39.83
2276,-5.32
2277,31.57
2278,-29.88
2279,-33.48
2280,-31.67
2281,-13.63
2282,-8.60
2283,-16.77
2284,-5.56
2285,-37.41
2286,-26.88
2287,14.05
2288,-19.05
2289,18.24
2290,-29.72
2291,-24.77
2292,29.23
2293,-11.12
2294,31.11
2295,-24.18
2296,38.15
2297,37.24
2298,-19.92
2299,38.15
2300,17.27
2301,-24.11
2302,40.06
2303,27.97
2304,-8.27
2305,-23.21
2306,15.63
2307,-38.31
2308,-39.55
2309,6.88
2310,-29.06
2311,38.52
2312,-11.25
2313,27.01
2314,34.78
2315,1.68
2316,32.97
2317,27.31
2318,-33.04
2319,-16.76
2320,8.60
2321,13.02
2322,24.48
2323,29.84
2324,-34.92
2325,30.44
2326,33.73
2327,-27.14
2328,-30.61
2329,27.73
2330,-14.72
2331,40.98
2332,-15.06
2333,8.33
2334,21.57
2335,38.40
2336,33.62
2337,11.50
2338,22.32
2339,19.12
2340,22.98
2341,21.86
2342,-37.19
2343,35.48
2344,-0.67
2345,-10.03
2346,22.79
2347,-16.99
2348,13.52
2349,-32.92
2350,9.05
2351,9.71
2352,20.47
2353,-10.63
2354,-17.20
2355,-15.18
2356,24.71
2357,28.94
2358,-21.59
2359,-33.29
2360,25.96
2361,-15.04
2362,-35.53
2363,-8.61
2364,11.65
2365,-27.55
2366,38.99
2367,7.11
2368,11.45
2369,32.27
2370,3.61
2371,-26.24
2372,-25.90
2373,-36.43
2374,-28.43
2375,-31.71
2376,5.76
2377,-34.20
2378,-10.49
2379,31.55
2380,-35.43
2381,3.42
2382,-17.13
2383,10.35
2384,9.59
2385,33.49
2386,33.90
2387,-30.59
2388,-37.36
2389,-34.83
2390,14.99
2391,-16.33
2392,34.05
2393,-2.23
2394,-24.77
2395,-15.22
2396,-11.19
2397,-26.70
2398,-23.98
2399,-39.89
2400,-36.78
2401,-29.19
2402,-33.61
2403,38.28
2404,-5.33
2405,19.71
2406,28.21
2407,-16.07
2408,17.47
2409,0.28
2410,36.66
2411,-29.40
2412,-36.38
2413,25.77
2414,27.86
2415,18.35
2416,-39.55
2417,-0.02
2418,26.58
2419,-19.57
2420,25.50
2421,-25.98
2422,-32.39
2423,19.34
2424,14.27
2425,39.55
2426,-14.62
2427,-17.76
2428,-18.24
2429,11.68
2430,-22.78
2431,-24.60
2432,-33.33
2433,-36.72
2434,-31.81
2435,40.16
2436,22.69
2437,32.89
2438,-31.56
2439,33.94
2440,23.49
2441,-37.45
2442,36.82
2443,-0.86
2444,-32.29
2445,-20.56
2446,31.09
2447,-12.80
2448,31.08
2449,38.12
2450,-5.51
2451,15.28
2452,6.90
2453,32.56
2454,12.24
2455,-24.86
2456,-31.86
2457,40.13
2458,25.07
2459,33.76
2460,1.30
2461,-5.48
2462,-1.57
2463,30.33
2464,40.61
2465,-35.52
2466,9.36
2467,28.96
2468,-32.01
2469,-8.06
2470,30.69
2471,-20.93
2472,32.08
2473,40.98
2474,19.64
2475,-14.45
2476,-38.83
2477,-29.77
2478,-9.50
2479,-3.75
2480,-14.93
2481,38.70
2482,-38.27
2483,-32.27
2484,2.29
2485,-24.35
2486,-25.60
2487,-27.34
2488,32.59
2489,-18.41
2490,-32.96
2491,-17.26
2492,16.94
2493,-10.35
2494,22.70
2495,-7.02
2496,-14.76
2497,2.09
2498,34.82
2499,22.66
2500,-3.15
2501,32.54
2502,-33.42
2503,-5.41
2504,-34.85
2505,-35.47
2506,11.58
2507,35.02
2508,8.34
2509,14.38
2510,32.48
2511,-11.49
2512,8.91
2513,11.05
2514,29.14
2515,-35.74
2516,13.26
2517,-25.83
2518,19.18
2519,-0.91
2520,-22.65
2521,0.83
2522,30.32
2523,16.63
2524,-10.51
2525,-19.26
2526,40.64
2527,-2.67
2528,33.94
2529,22.32
2530,-27.20
2531,13.93
2532,-10.55
2533,-30.64
2534,-23.43
2535,-26.36
2536,-39.18
2537,-3.11
2538,2.73
2539,-15.69
2540,-8.77
2541,5.63
2542,24.04
2543,11.10
2544,11.30
2545,5.80
2546,7.79
2547,-8.34
2548,0.23
2549,-5.16
2550,40.03
2551,40.89
2552,31.38
2553,12.77
2554,-40.79
2555,33.87
2556,-5.36
2557,-14.57
2558,-5.02
2559,-28.16
2560,-40.84
2561,-18.64
2562,27.67
2563,31.90
2564,-39.90
2565,-18.18
2566,26.75
2567,23.56
2568,-23.67
2569,-21.06
2570,29.14
2571,13.41
2572,3.42
2573,-29.83
2574,28.91
2575,-4.94
2576,-27.26
2577,2.77
2578,9.72
2579,3.84
2580,-20.40
2581,-9.82
2582,-30.69
2583,-7.72
2584,-2.79
2585,-36.40
2586,4.58
2587,-5.39
2588,0.55
2589,-2.28
2590,-16.61
2591,-3.28
2592,-19.06
2593,-21.79
2594,-3.60
2595,-6.63
2596,-26.11
2597,-24.30
2598,-19.77
2599,-34.42
2600,-39.65
2601,-13.80
2602,6.94
2603,-26.33
2604,18.92
2605,32.04
2606,-4.49
2607,-27.07
2608,33.45
2609,-20.81
2610,-5.46
2611,20.72
2612,-14.93
2613,-21.35
2614,28.06
2615,38.83
2616,-23.23
2617,-39.46
2618,16.61
2619,-35.77
2620,6.66
2621,22.51
2622,-0.25
2623,-0.86
2624,9.30
2625,-12.08
2626,3.61
2627,40.68
2628,-24.20
2629,-39.22
2630,23.74
2631,-22.91
2632,-8.41
2633,-29.74
2634,3.37
2635,9.82
2636,25.07
2637,-12.38
2638,39.23
2639,9.45
2640,19.11
2641,-19.48
2642,-13.73
2643,-2.90
2644,-24.80
2645,19.74
2646,32.94
2647,1.72
2648,36.59
2649,-36.64
2650,16.12
2651,-0.32
2652,-35.03
2653,16.32
2654,16.44
2655,30.74
2656,-33.76
2657,-36.65
2658,-10.58
2659,12.56
2660,-23.37
2661,32.71
2662,24.10
2663,-0.13
2664,-36.52
2665,-19.32
2666,19.81
2667,7.25
2668,4.81
2669,14.72
2670,-24.22
2671,-18.30
2672,29.15
2673,-6.27
2674,33.76
2675,8.38
2676,28.06
2677,-17.91
2678,38.80
2679,-17.15
2680,-12.21
2681,13.36
2682,40.78
2683,-27.77
2684,-22.75
2685,23.59
2686,7.60
2687,-15.20
2688,-11.95
2689,29.29
2690,27.49
2691,-30.72
2692,0.27
2693,31.29
2694,-12.85
2695,27.37
2696,-19.45
2697,-32.72
2698,-40.46
2699,-5.51
2700,-28.58
2701,-20.34
2702,-15.90
2703,17.51
2704,21.09
2705,-8.35
2706,22.86
2707,-34.47
2708,-40.01
2709,19.68
2710,5.82
2711,30.92
2712,14.71
2713,-30.08
2714,34.00
2715,-0.10
2716,-12.31
2717,11.91
2718,-14.10
2719,21.32
2720,-32.74
2721,-3.56
2722,-7.71
2723,15.85
2724,14.80
2725,-23.79
2726,-26.65
2727,-15.48
2728,19.73
2729,-18.14
2730,23.73
2731,-24.52
2732,-7.56
2733,20.45
2734,-3.69
2735,-18.52
2736,21.56
2737,18.59
2738,-21.24
2739,22.35
2740,-2.43
2741,39.09
2742,33.04
2743,-29.56
2744,-9.43
2745,-7.96
2746,-37.13
2747,-13.84
2748,-12.74
2749,-29.55
2750,35.55
2751,6.48
2752,31.23
2753,9.29
2754,-16.30
2755,40.10
2756,6.43
2757,-1.57
2758,-1.19
2759,-20.10
2760,9.52
2761,-1.77
2762,28.79
2763,13.55
2764,13.02
2765,39.46
2766,-8.69
2767,-21.76
2768,-1.28
2769,20.41
2770,24.24
2771,-35.74
2772,-14.89
2773,-36.80
2774,36.76
2775,-22.33
2776,6.61
2777,33.76
2778,28.36
2779,-30.82
2780,-40.88
2781,21.55
2782,-28.69
2783,4.85
2784,-39.01
2785,-36.09
2786,-14.69
2787,0.13
2788,-26.95
2789,18.79
2790,14.31
2791,23.67
2792,6.52
2793,-26.85
2794,-10.26
2795,-25.78
2796,-33.64
2797,-20.33
2798,-28.56
2799,26.57
2800,23.26
2801,31.25
2802,0.55
2803,4.90
2804,-0.62
2805,-6.84
2806,-4.48
2807,-16.76
2808,6.29
2809,26.53
2810,15.30
2811,-20.34
2812,14.35
2813,-4.41
2814,16.17
2815,38.30
2816,3.69
2817,-29.18
2818,23.55
2819,23.25
2820,-8.45
2821,23.51
2822,20.74
2823,-14.09
2824,30.00
2825,-25.01
2826,-4.12
2827,15.48
2828,-37.12
2829,-38.18
2830,12.33
2831,29.14
2832,39.18
2833,28.85
2834,-22.41
2835,-37.78
2836,-25.76
2837,29.79
2838,2.33
2839,-25.69
2840,-1.51
2841,7.57
2842,11.36
2843,32.79
2844,30.53
2845,8.75
2846,-28.33
2847,-20.13
2848,-20.27
2849,1.42
2850,33.77
2851,-2.20
2852,-34.91
2853,-12.24
2854,20.23
2855,-10.10
2856,17.86
2857,28.74
2858,-19.36
2859,16.66
2860,9.85
2861,33.57
2862,-6.48
2863,-16.18
2864,-9.46
2865,-10.59
2866,25.37
2867,-8.18
2868,15.81
2869,-29.92
2870,7.81
2871,8.49
2872,-6.25
2873,36.88
2874,-38.78
2875,26.17
2876,20.68
2877,-5.15
2878,-3.14
2879,18.67
2880,4.65
2881,0.65
2882,-9.06
2883,-40.54
2884,-10.11
2885,5.29
2886,27.80
2887,25.09
2888,8.87
2889,1.58
2890,10.17
2891,14.63
2892,30.91
2893,-24.85
2894,11.09
2895,33.82
2896,38.18
2897,-1.74
2898,-17.05
2899,19.63
2900,-1.72
2901,-25.43
2902,-30.27
2903,17.61
2904,-32.03
2905,-35.89
2906,38.49
2907,34.16
2908,-28.00
2909,-37.27
2910,25.83
2911,5.32
2912,38.95
2913,7.56
2914,3.23
2915,0.30
2916,10.54
2917,-6.85
2918,-28.94
2919,-25.15
2920,-33.78
2921,-9.96
2922,-11.94
2923,-22.76
2924,-30.25
2925,34.94
2926,-14.03
2927,-23.07
2928,19.71
2929,-31.85
2930,-35.85
2931,3.76
2932,11.46
2933,8.90
2934,-35.09
2935,12.56
2936,-38.67
2937,16.58
2938,6.36
2939,-21.41
2940,10.13
2941,-32.81
2942,11.37
2943,30.84
2944,-36.70
2945,22.53
2946,22.76
2947,-0.79
2948,-17.96
2949,-11.00
2950,-8.33
2951,-26.12
2952,10.96
2953,23.64
2954,32.87
2955,-38.44
2956,-9.73
2957,38.32
2958,-21.20
2959,8.24
2960,0.79
2961,17.15
2962,-24.97
2963,32.38
2964,15.36
2965,-31.37
2966,-21.73
2967,-18.65
2968,-38.73
2969,-20.15
2970,37.46
2971,-5.38
2972,16.12
2973,15.76
2974,31.96
2975,-3.10
2976,16.64
2977,15.10
2978,-15.73
2979,31.07
2980,33.57
2981,-26.21
2982,40.93
2983,39.32
2984,34.18
2985,27.06
2986,-31.37
2987,26.60
2988,-25.03
2989,39.70
2990,35.86
2991,2.96
2992,26.80
2993,4.78
2994,6.27
2995,35.01
2996,-37.57
2997,-32.10
2998,-16.69
2999,22.73
3000,27.98
3001,9.70
3002,-14.28
3003,21.43
3004,-8.24
3005,-3.38
3006,-25.37
3007,-35.72
3008,-18.96
3009,-9.97
3010,31.45
3011,-18.59
3012,-39.39
3013,-39.02
3014,14.81
3015,-2.07
3016,-13.72
3017,-11.51
3018,34.16
3019,-40.87
3020,40.28
3021,6.52
3022,-26.25
3023,-29.83
3024,-20.84
3025,-24.11
3026,40.78
3027,40.35
3028,-10.57
3029,23.03
3030,-4.35
3031,30.19
3032,-6.35
3033,-38.07
3034,-9.31
3035,35.87
3036,-35.02
3037,-36.81
3038,16.89
3039,26.47
3040,-16.97
3041,24.13
3042,-37.47
3043,-37.46
3044,7.33
3045,11.02
3046,-9.14
3047,-40.93
3048,-28.07
3049,-39.15
3050,-34.29
3051,3.46
3052,-19.20
3053,-6.56
3054,3.13
3055,-25.63
3056,-15.97
3057,-11.55
3058,-14.07
3059,18.96
3060,12.04
3061,26.42
3062,-39.32
3063,-20.30
3064,26.05
3065,-37.73
3066,6.25
3067,8.64
3068,4.22
3069,-27.23
3070,-17.95
3071,-39.69
3072,30.62
3073,-37.46
3074,9.90
3075,-34.07
3076,36.46
3077,17.70
3078,39.70
3079,-40.90
3080,21.83
3081,-13.90
3082,-33.66
3083,-40.40
3084,36.25
3085,-9.72
3086,10.29
3087,-4.36
3088,-6.66
3089,-10.76
3090,-1.67
3091,8.70
3092,-27.20
3093,5.00
3094,-13.06
3095,-25.40
3096,-24.95
3097,-2.17
3098,19.09
3099,-1.43
3100,-1.03
3101,-17.10
3102,40.62
3103,-29.79
3104,2.12
3105,-17.03
3106,-16.67
3107,16.89
3108,39.46
3109,15.58
3110,-1.91
3111,9.02
3112,32.05
3113,-8.82
3114,21.82
3115,-18.67
3116,-4.27
3117,-37.04
3118,-27.64
3119,10.58
3120,36.82
3121,35.36
3122,-14.72
3123,-28.82
3124,6.35
3125,-28.52
3126,9.77
3127,-12.34
3128,-38.12
3129,-19.35
3130,30.57
3131,-15.46
3132,-17.44
3133,21.58
3134,40.37
3135,-20.70
3136,11.46
3137,22.78
3138,7.71
3139,-29.02
3140,-23.74
3141,-18.83
3142,20.02
3143,-13.98
3144,40.28
3145,24.45
3146,4.47
3147,-35.44
3148,37.94
3149,-26.38
3150,10.29
3151,-2.20
3152,17.92
3153,-36.76
3154,-22.18
3155,17.61
3156,-32.94
3157,-33.48
3158,-31.40
3159,30.90
3160,9.86
3161,-37.24
3162,11.87
3163,23.29
3164,17.66
3165,-24.41
3166,15.12
3167,-20.81
3168,38.99
3169,-0.69
3170,-18.99
3171,-22.65
3172,-35.45
3173,-9.62
3174,-7.34
3175,16.00
3176,-7.27
3177,7.04
3178,-35.97
3179,-35.48
3180,35.00
3181,-39.04
3182,8.39
3183,-26.79
3184,-38.87
3185,38.04
3186,26.98
3187,19.81
3188,4.66
3189,-39.80
3190,-2.86
3191,-21.98
3192,-27.36
3193,39.59
3194,35.17
3195,-28.39
3196,-29.27
3197,-11.22
3198,-16.75
3199,-27.58
3200,-10.30
3201,20.11
3202,35.10
3203,20.06
3204,-32.05
3205,3.64
3206,-24.47
3207,9.41
3208,1.78
3209,5.39
3210,28.62
3211,8.01
3212,15.07
3213,-39.91
3214,-29.76
3215,-35.07
3216,-39.06
3217,26.52
3218,1.45
3219,-33.87
3220,-33.82
3221,-14.46
3222,-26.64
3223,-28.65
3224,-38.29
3225,-37.31
3226,3.49
3227,-9.14
3228,40.39
3229,25.01
3230,9.81
3231,8.59
3232,33.97
3233,31.46
3234,-7.16
3235,1.51
3236,27.17
3237,36.63
3238,5.56
3239,28.00
3240,-25.34
3241,-3.45
3242,11.42
3243,8.76
3244,38.43
3245,1.96
3246,-14.27
3247,32.33
3248,29.54
3249,-13.86
3250,5.85
3251,-16.48
3252,2.14
3253,-8.57
3254,-12.05
3255,8.75
3256,-28.69
3257,17.64
3258,-13.39
3259,12.21
3260,30.66
3261,31.24
3262,-37.89
3263,-16.88
3264,6.82
3265,-40.56
3266,-16.99
3267,-33.77
3268,-5.86
3269,22.42
3270,0.97
3271,13.82
3272,31.41
3273,4.19
3274,6.49
3275,-4.25
3276,15.37
3277,-9.94
3278,39.49
3279,29.21
3280,2.17
3281,-28.53
3282,-34.64
3283,32.89
3284,-40.54
3285,-13.57
3286,-10.32
3287,-11.21
3288,15.70
3289,-19.85
3290,-31.95
3291,-39.56
3292,-1.69
3293,25.79
3294,5.30
3295,5.13
3296,18.80
3297,13.39
3298,23.25
3299,-22.00
3300,20.77
3301,-19.10
3302,-15.35
3303,22.04
3304,12.56
3305,31.85
3306,-0.07
3307,34.02
3308,16.39
3309,-7.39
3310,18.52
3311,-36.46
3312,31.38
3313,-18.56
3314,-13.73
3315,-8.65
3316,3.60
3317,35.77
3318,-18.01
3319,-32.92
3320,36.60
3321,-4.59
3322,-16.58
3323,-31.90
3324,-21.79
3325,-0.76
3326,36.18
3327,-22.25
3328,26.07
3329,21.04
3330,-28.42
3331,39.22
3332,-10.52
3333,21.55
3334,6.47
3335,-9.33
3336,16.74
3337,-40.89
3338,-15.50
3339,-2.64
3340,-11.02
3341,32.99
3342,-19.46
3343,-28.35
3344,31.83
3345,-18.73
3346,35.50
3347,-37.36
3348,-7.09
3349,-11.42
3350,-11.70
3351,-18.87
3352,18.38
3353,36.29
3354,7.75
3355,31.51
3356,2.04
3357,-27.99
3358,37.03
3359,30.86
3360,32.20
3361,17.09
3362,-31.16
3363,-7.44
3364,-38.95
3365,34.52
3366,-27.02
3367,-24.30
3368,-16.60
3369,16.84
3370,12.70
3371,24.88
3372,32.68
3373,24.48
3374,33.63
3375,27.92
3376,30.95
3377,35.26
3378,21.14
3379,2.39
3380,13.14
3381,32.83
3382,30.81
3383,-18.10
3384,-28.13
3385,-13.06
3386,-3.85
3387,16.74
3388,-31.97
3389,-39.18
3390,-32.93
3391,24.43
3392,27.69
3393,12.59
3394,5.92
3395,19.08
3396,-34.07
3397,1.65
3398,1.30
3399,30.69
3400,6.18
3401,-26.68
3402,-37.62
3403,4.56
3404,1.19
3405,33.64
3406,-28.12
3407,4.25
3408,-15.57
3409,25.99
3410,-29.43
3411,39.60
3412,-3.81
3413,-11.80
3414,-40.32
3415,-4.70
3416,-24.84
3417,7.26
3418,-27.91
3419,13.80
3420,4.58
3421,26.04
3422,-21.13
3423,-21.65
3424,-2.47
3425,-32.83
3426,13.26
3427,-21.15
3428,24.92
3429,19.95
3430,-1.78
3431,6.99
3432,-20.15
3433,-34.53
3434,35.41
3435,-16.65
3436,34.97
3437,-7.81
3438,-28.31
3439,9.17
3440,2.20
3441,-31.72
3442,26.82
3443,-27.78
3444,-31.59
3445,-6.36
3446,23.89
3447,0.74
3448,-29.97
3449,23.03
3450,-11.03
3451,1.52
3452,-5.43
3453,-18.02
3454,-5.62
3455,-1.04
3456,-16.21
3457,-29.17
3458,35.93
3459,-6.36
3460,-0.06
3461,-19.25
3462,8.47
3463,-20.02
3464,14.75
3465,-12.52
3466,35.95
3467,-11.73
3468,36.68
3469,-8.96
3470,-8.82
3471,-34.36
3472,-13.33
3473,38.11
3474,-15.54
3475,6.07
3476,-39.99
3477,-25.22
3478,-26.51
3479,-14.63
3480,12.85
3481,15.55
3482,-30.78
3483,8.96
3484,-35.07
3485,36.19
3486,4.31
3487,-14.81
3488,-31.68
3489,-32.89
3490,14.29
3491,-18.78
3492,-19.77
3493,-21.80
3494,37.41
3495,19.25
3496,38.11
3497,-27.00
3498,-7.67
3499,-23.02
3500,35.60
3501,1.97
3502,12.11
3503,17.09
3504,-14.57
3505,35.35
3506,-1.92
3507,-16.48
3508,-8.43
3509,31.87
3510,-28.10
3511,37.05
3512,-17.76
3513,-5.47
3514,-30.04
3515,-26.62
3516,37.34
3517,17.08
3518,-16.35
3519,-40.92
3520,35.49
3521,2.26
3522,-25.42
3523,35.44
3524,16.18
3525,33.81
3526,5.21
3527,-24.37
3528,-3.67
3529,-30.91
3530,16.74
3531,-14.60
3532,-24.81
3533,-12.37
3534,-0.05
3535,8.23
3536,-31.00
3537,-17.16
3538,39.26
3539,24.84
3540,8.69
3541,-19.09
3542,11.35
3543,-20.57
3544,38.46
3545,19.26
3546,29.32
3547,-25.21
3548,20.54
3549,-31.93
3550,26.92
3551,28.90
3552,-39.02
3553,-10.34
3554,15.92
3555,30.60
3556,22.16
3557,13.35
3558,-23.01
3559,-24.04
3560,-30.45
3561,-8.51
3562,-18.77
3563,21.36
3564,10.20
3565,13.79
3566,-23.89
3567,-37.16
3568,1.11
3569,16.04
3570,9.53
3571,-13.86
3572,7.61
3573,28.32
3574,0.26
3575,40.80
3576,23.47
3577,-39.12
3578,35.90
3579,-17.58
3580,-31.32
3581,33.14
3582,22.80
3583,-38.25
3584,-34.23
3585,38.01
3586,-36.49
3587,6.02
3588,1.40
3589,-38.55
3590,-25.86
3591,18.45
3592,-6.16
3593,16.62
3594,16.16
3595,-25.31
3596,-34.76
3597,-15.39
3598,9.60
3599,31.29
3600,25.61
3601,-33.67
3602,-31.66
3603,0.24
3604,34.23
3605,40.53
3606,-33.99
3607,19.45
3608,37.80
3609,-15.91
3610,-3.31
3611,-32.18
3612,37.14
3613,4.89
3614,-19.49
3615,-10.30
3616,-18.38
3617,38.01
3618,21.50
3619,6.67
3620,26.29
3621,16.63
3622,-7.36
3623,-22.12
3624,-33.40
3625,-0.59
3626,18.80
3627,30.54
3628,-4.28
3629,-8.12
3630,17.53
3631,32.05
3632,-32.02
3633,30.91
3634,-35.21
3635,25.42
3636,10.37
3637,29.41
3638,27.02
3639,-18.24
3640,-6.88
3641,37.11
3642,-34.17
3643,14.12
3644,-37.66
3645,-22.43
3646,24.39
3647,-40.49
3648,-4.67
3649,11.17
3650,-6.40
3651,-23.69
3652,-21.90
3653,-37.77
3654,5.28
3655,-12.11
3656,24.79
3657,-15.34
3658,22.54
3659,31.88
3660,-31.94
3661,-28.90
3662,38.69
3663,-38.44
3664,-32.80
3665,-28.26
3666,30.69
3667,-20.27
3668,-3.05
3669,30.78
3670,-22.53
3671,11.84
3672,14.26
3673,-20.35
3674,37.05
3675,-38.50
3676,-5.57
3677,-34.92
3678,-38.78
3679,-31.63
3680,-5.75
3681,10.40
3682,38.89
3683,2.83
3684,0.36
3685,-30.85
3686,-11.62
3687,8.32
3688,-6.25
3689,20.21
3690,20.28
3691,5.79
3692,-14.57
3693,27.94
3694,27.55
3695,2.28
3696,22.76
3697,35.41
3698,7.91
3699,-3.09
3700,36.98
3701,11.45
3702,-30.01
3703,35.53
3704,6.21
3705,8.28
3706,-38.42
3707,-30.50
3708,-23.05
3709,7.20
3710,-35.87
3711,-32.67
3712,26.88
3713,-17.24
3714,39.84
3715,14.35
3716,-6.88
3717,13.10
3718,38.09
3719,17.09
3720,21.40
3721,17.21
3722,-33.53
3723,-27.84
3724,-33.11
3725,-32.47
3726,-30.42
3727,-34.69
3728,16.38
3729,5.65
3730,-17.01
3731,-18.24
3732,-12.05
3733,-25.34
3734,22.74
3735,35.27
3736,-5.37
3737,28.55
3738,31.72
3739,32.73
3740,-7.32
3741,-21.90
3742,-29.93
3743,28.86
3744,5.38
3745,11.23
3746,40.14
3747,-6.07
3748,5.64
3749,-25.12
3750,-0.24
3751,-11.62
3752,10.61
3753,6.20
3754,-11.20
3755,-20.80
3756,20.45
3757,-2.64
3758,-21.84
3759,36.98
3760,-37.10
3761,25.48
3762,4.44
3763,-26.49
3764,-31.09
3765,-0.75
3766,-20.35
3767,36.70
3768,2.12
3769,-22.91
3770,-31.66
3771,34.00
3772,17.73
3773,20.92
3774,-9.20
3775,35.71
3776,-22.50
3777,-14.20
3778,-1.32
3779,-27.70
3780,-21.61
3781,-21.79
3782,-20.27
3783,-33.23
3784,5.07
3785,9.09
3786,-26.97
3787,-14.99
3788,-40.60
3789,-30.77
3790,32.28
3791,4.11
3792,2.66
3793,34.79
3794,-29.80
3795,-29.49
3796,-19.53
3797,16.53
3798,33.27
3799,10.24
3800,0.95
3801,-24.15
3802,-34.63
3803,4.61
3804,39.25
3805,-4.06
3806,-15.13
3807,37.92
3808,-15.48
3809,0.17
3810,4.34
3811,-23.99
3812,2.45
3813,37.10
3814,35.08
3815,-17.07
3816,-15.37
3817,10.42
3818,-18.92
3819,-14.00
3820,8.03
3821,9.85
3822,36.47
3823,25.24
3824,8.30
3825,22.89
3826,2.45
3827,-31.66
3828,28.42
3829,-14.61
3830,-38.33
3831,38.52
3832,-12.98
3833,39.37
3834,17.38
3835,-22.01
3836,-18.93
3837,-40.07
3838,-16.04
3839,13.38
3840,-14.59
3841,4.77
3842,21.42
3843,35.33
3844,15.86
3845,40.67
3846,-20.25
3847,-36.73
3848,-26.63
3849,-7.49
3850,-21.60
3851,-26.76
3852,-31.05
3853,36.70
3854,-35.03
3855,38.35
3856,4.90
3857,2.05
3858,-13.76
3859,10.90
3860,-7.78
3861,37.15
3862,5.03
3863,-24.53
3864,9.63
3865,0.85
3866,-33.49
3867,-30.60
3868,15.60
3869,-22.44
3870,-13.40
3871,9.11
3872,12.11
3873,38.15
3874,-5.38
3875,1.62
3876,3.33
3877,35.09
3878,-30.80
3879,33.50
3880,-38.41
3881,8.69
3882,-33.86
3883,-40.01
3884,40.66
3885,27.91
3886,-28.26
3887,-21.92
3888,-36.30
3889,-29.78
3890,-4.40
3891,39.83
3892,36.54
3893,18.07
3894,-32.92
3895,-13.01
3896,-0.53
3897,-21.96
3898,32.90
3899,17.06
3900,-27.96
3901,-36.63
3902,38.81
3903,-39.40
3904,-18.22
3905,-14.45
3906,5.06
3907,33.35
3908,-35.49
3909,-13.74
3910,-37.38
3911,40.71
3912,-3.55
3913,-13.45
3914,24.44
3915,3.35
3916,15.46
3917,-12.63
3918,-15.23
3919,-0.86
3920,11.96
3921,19.82
3922,-10.23
3923,-5.38
3924,16.78
3925,8.63
3926,-28.62
3927,-17.21
3928,-8.11
3929,17.38
3930,-14.10
3931,-8.81
3932,-31.58
3933,-0.60
3934,30.51
3935,-7.63
3936,-9.19
3937,-18.64
3938,24.90
3939,27.71
3940,36.93
3941,14.91
3942,19.32
3943,-10.82
3944,11.83
3945,6.26
3946,-37.23
3947,-30.93
3948,8.21
3949,-6.01
3950,39.82
3951,-37.04
3952,-13.50
3953,34.48
3954,1.82
3955,-33.07
3956,-39.85
3957,-21.65
3958,16.68
3959,-27.91
3960,-2.11
3961,5.63
3962,20.25
3963,1.95
3964,-0.64
3965,-30.47
3966,-20.72
3967,27.06
3968,40.12
3969,-16.90
3970,37.88
3971,1.89
3972,-22.08
3973,-20.40
3974,-0.87
3975,24.98
3976,2.28
3977,-22.82
3978,-37.68
3979,-9.61
3980,31.71
3981,-31.10
3982,11.23
3983,-15.31
3984,-40.67
3985,-23.64
3986,-16.96
3987,36.14
3988,-9.07
3989,-18.21
3990,-22.29
3991,-18.34
3992,-26.67
3993,-31.63
3994,26.61
3995,36.74
3996,-27.75
3997,-5.19
3998,-12.92
3999,-28.46
4000,5.57
4001,-33.94
4002,-29.76
4003,20.58
4004,-23.71
4005,-16.88
4006,-3.01
4007,-27.70
4008,10.81
4009,-20.04
4010,34.74
4011,36.10
4012,-5.80
4013,-11.10
4014,2.36
4015,-22.31
4016,-25.51
4017,28.79
4018,-30.80
4019,-2.51
4020,-4.26
4021,-14.01
4022,8.43
4023,38.78
4024,2.94
4025,-2.37
4026,40.12
4027,23.65
4028,5.00
4029,-17.25
4030,6.65
4031,29.31
4032,34.57
4033,16.93
4034,-40.94
4035,36.85
4036,-22.41
4037,-16.66
4038,25.50
4039,-30.94
4040,22.07
4041,15.13
4042,-15.60
4043,24.56
4044,-11.39
4045,10.68
4046,-31.45
4047,24.43
4048,-22.85
4049,36.13
4050,-38.28
4051,35.26
4052,3.43
4053,-24.61
4054,-39.42
4055,-9.07
4056,11.19
4057,26.08
4058,-35.29
4059,11.15
4060,14.77
4061,-0.95
4062,-34.18
4063,-0.08
4064,-37.76
4065,-3.38
4066,-8.93
4067,-2.33
4068,34.80
4069,3.18
4070,-4.57
4071,1.03
4072,-19.09
4073,5.85
4074,-7.38
4075,-28.23
4076,14.77
4077,-19.10
4078,13.98
4079,-35.74
4080,-36.30
4081,11.86
4082,1.45
4083,5.87
4084,-34.71
4085,-32.90
4086,11.66
4087,9.82
4088,-9.88
4089,-38.16
4090,-10.96
4091,-29.00
4092,19.11
4093,-33.41
4094,33.09
4095,-28.72
4096,21.53
4097,-35.24
4098,2.10
4099,7.52
4100,33.81
4101,-40.32
4102,37.56
4103,36.25
4104,-22.75
4105,39.71
4106,35.72
4107,-39.30
4108,8.09
4109,-40.57
4110,-4.36
4111,-34.62
4112,-31.74
4113,11.56
4114,-8.44
4115,36.61
4116,-39.62
4117,21.44
4118,-31.40
4119,-39.19
4120,19.86
4121,-19.45
4122,4.50
4123,26.54
4124,-2.01
4125,-0.65
4126,2.35
4127,-11.46
4128,-25.65
4129,37.82
4130,22.72
4131,-11.06
4132,7.42
4133,10.41
4134,12.73
4135,17.97
4136,-25.53
4137,-23.60
4138,-1.82
4139,-9.85
4140,-13.13
4141,8.41
4142,-20.52
4143,-4.47
4144,-17.89
4145,12.32
4146,12.74
4147,-36.32
4148,15.89
4149,-29.02
4150,-9.59
4151,-25.55
4152,-33.38
4153,29.17
4154,16.41
4155,-38.00
4156,-5.22
4157,-36.01
4158,-26.74
4159,-17.19
4160,39.11
4161,19.16
4162,-26.70
4163,-8.54
4164,-24.10
4165,3.35
4166,30.38
4167,8.66
4168,10.69
4169,5.23
4170,36.77
4171,37.54
4172,-28.42
4173,-20.84
4174,-36.69
4175,-1.29
4176,-8.47
4177,-35.50
4178,22.46
4179,-24.91
4180,-7.77
4181,-8.85
4182,-5.05
4183,-9.81
4184,16.21
4185,-33.60
4186,-24.00
4187,-26.85
4188,25.93
4189,30.24
4190,-35.72
4191,-2.64
4192,-24.04
4193,-19.41
4194,-0.74
4195,-17.22
4196,3.66
4197,39.39
4198,5.40
4199,-8.07
4200,-7.39
4201,34.63
4202,31.31
4203,26.61
4204,24.33
4205,18.17
4206,28.96
4207,-1.07
4208,6.90
4209,33.57
4210,-13.65
4211,1.15
4212,14.41
4213,24.29
4214,32.90
4215,-38.50
4216,-15.07
4217,-3.11
4218,4.94
4219,27.98
4220,-21.93
4221,40.96
4222,39.29
4223,-33.83
4224,-36.89
4225,-31.95
4226,-7.06
4227,34.31
4228,-22.61
4229,22.78
4230,8.34
4231,-10.81
4232,1.53
4233,4.28
4234,0.96
4235,0.52
4236,2.44
4237,-3.75
4238,-1.20
4239,12.87
4240,-31.84
4241,-20.00
4242,-37.73
4243,-9.76
4244,-19.06
4245,-39.68
4246,20.28
4247,-13.76
4248,-12.99
4249,-37.14
4250,-18.16
4251,21.70
4252,5.16
4253,-38.68
4254,-21.33
4255,34.74
4256,14.25
4257,31.75
4258,-31.62
4259,17.96
4260,2.60
4261,-14.35
4262,-35.21
4263,2.19
4264,-35.70
4265,-39.76
4266,18.03
4267,-12.85
4268,2.52
4269,-4.57
4270,-14.72
4271,-14.63
4272,35.40
4273,-21.03
4274,-14.34
4275,-29.34
4276,-27.71
4277,4.85
4278,-14.04
4279,4.91
4280,-11.04
4281,25.40
4282,-22.17
4283,-35.37
4284,-11.58
4285,-14.99
4286,-11.57
4287,-6.53
4288,16.51
4289,-29.99
4290,-39.00
4291,20.73
4292,-25.64
4293,-35.04
4294,-9.61
4295,11.59
4296,25.33
4297,38.62
4298,-28.40
4299,-10.92
4300,37.06
4301,-16.99
4302,-12.62
4303,7.16
4304,-20.00
4305,-33.89
4306,-23.71
4307,7.37
4308,-36.70
4309,13.97
4310,-38.75
4311,1.68
4312,-19.77
4313,6.32
4314,-12.60
4315,26.70
4316,14.82
4317,40.55
4318,-6.81
4319,-35.35
4320,-7.87
4321,17.33
4322,38.70
4323,-28.25
4324,-15.68
4325,-4.77
4326,-3.83
4327,36.89
4328,0.45
4329,-8.41
4330,0.92
4331,20.63
4332,34.01
4333,12.31
4334,-2.84
4335,-36.20
4336,-38.00
4337,-18.25
4338,1.45
4339,7.24
4340,-14.75
4341,-26.18
4342,-5.83
4343,17.15
4344,-3.14
4345,37.48
4346,34.60
4347,20.25
4348,-16.12
4349,-37.13
4350,-20.13
4351,-35.63
4352,6.51
4353,-35.24
4354,-7.80
4355,13.80
4356,-25.98
4357,-5.70
4358,-38.58
4359,-36.86
4360,38.42
4361,-7.19
4362,36.10
4363,9.73
4364,-40.44
4365,-0.91
4366,10.45
4367,-39.27
4368,-29.75
4369,-32.89
4370,-12.56
4371,28.16
4372,-38.98
4373,39.21
4374,16.55
4375,18.95
4376,-8.41
4377,-20.63
4378,26.88
4379,-18.61
4380,-4.47
4381,-20.69
4382,2.86
4383,-24.99
4384,-2.57
4385,-0.16
4386,-33.81
4387,17.99
4388,2.35
4389,-22.60
4390,2.05
4391,-11.26
4392,28.90
4393,-34.96
4394,-27.03
4395,-7.04
4396,-33.11
4397,-6.09
4398,8.23
4399,-29.17
4400,-17.31
4401,-31.21
4402,-33.63
4403,-16.49
4404,31.18
4405,-24.51
4406,-16.45
4407,-33.44
4408,24.14
4409,-38.01
4410,10.32
4411,-26.08
4412,-33.57
4413,17.14
4414,-12.33
4415,11.38
4416,35.14
4417,-20.51
4418,16.74
4419,-33.47
4420,32.49
4421,37.19
4422,-37.11
4423,-14.98
4424,11.97
4425,30.37
4426,-28.43
4427,-7.85
4428,16.76
4429,8.60
4430,24.41
4431,15.39
4432,34.86
4433,1.99
4434,-14.67
4435,31.89
4436,-21.62
4437,26.18
4438,28.59
4439,36.56
4440,17.20
4441,11.78
4442,-13.99
4443,38.25
4444,-35.72
4445,-4.58
4446,-7.61
4447,10.02
4448,-20.87
4449,-30.31
4450,15.17
4451,25.40
4452,30.00
4453,28.84
4454,35.15
4455,-26.61
4456,15.70
4457,-11.16
4458,5.28
4459,-28.47
4460,9.90
4461,39.53
4462,9.89
4463,37.59
4464,-0.28
4465,-14.24
4466,-29.06
4467,-17.20
4468,-19.02
4469,36.43
4470,7.16
4471,8.85
4472,37.45
4473,-40.58
4474,-34.38
4475,-37.59
4476,27.36
4477,1.28
4478,35.24
4479,-25.87
4480,16.91
4481,24.27
4482,0.31
4483,14.30
4484,39.82
4485,39.27
4486,-12.14
4487,25.57
4488,4.75
4489,-27.70
4490,33.77
4491,3.07
4492,-15.20
4493,3.95
4494,-39.54
4495,-0.76
4496,-9.51
4497,-37.50
4498,29.09
4499,-37.04
4500,25.57
4501,-18.97
4502,-36.28
4503,2.29
4504,-10.14
4505,-28.36
4506,13.78
4507,-20.00
4508,25.19
4509,17.22
4510,-13.34
4511,-27.95
4512,-21.64
4513,-21.74
4514,2.16
4515,-15.65
4516,-35.37
4517,-11.53
4518,6.32
4519,-33.37
4520,-26.64
4521,-11.95
4522,-25.09
4523,-39.05
4524,-23.49
4525,-18.46
4526,-2.50
4527,12.95
4528,33.11
4529,-37.52
4530,28.90
4531,-20.58
4532,-12.42
4533,1.89
4534,34.43
4535,-36.01
4536,23.93
4537,-19.55
4538,-21.27
4539,19.60
4540,-0.40
4541,35.85
4542,-1.13
4543,12.36
4544,-29.76
4545,-21.21
4546,-3.03
4547,-1.30
4548,-11.31
4549,-27.55
4550,31.30
4551,-11.69
4552,24.05
4553,-12.52
4554,19.09
4555,-24.85
4556,-22.39
4557,-23.69
4558,-31.65
4559,-32.46
4560,24.90
4561,27.98
4562,18.55
4563,4.21
4564,22.22
4565,10.57
4566,-29.71
4567,2.73
4568,-37.52
4569,13.98
4570,-6.14
4571,6.15
4572,38.66
4573,29.09
4574,-21.54
4575,-35.03
4576,-1.49
4577,6.62
4578,-32.50
4579,23.44
4580,-34.08
4581,3.08
4582,21.27
4583,18.01
4584,21.58
4585,-31.01
4586,34.63
4587,32.66
4588,28.23
4589,30.00
4590,-6.33
4591,-17.27
4592,-26.76
4593,36.35
4594,20.18
4595,19.46
4596,28.22
4597,-33.00
4598,-27.87
4599,-5.34
4600,19.46
4601,24.90
4602,-17.07
4603,-23.60
4604,-32.84
4605,40.48
4606,25.20
4607,-6.43
4608,13.39
4609,-38.64
4610,9.65
4611,-9.61
4612,27.82
4613,-2.06
4614,3.55
4615,6.89
4616,-19.91
4617,-37.72
4618,21.57
4619,-18.14
4620,38.47
4621,11.84
4622,-38.95
4623,6.66
4624,-17.14
4625,22.64
4626,25.39
4627,12.52
4628,-36.80
4629,2.06
4630,-0.91
4631,-7.61
4632,5.60
4633,38.78
4634,23.50
4635,26.68
4636,-0.54
4637,14.48
4638,-15.50
4639,-15.43
4640,13.95
4641,4.00
4642,-29.53
4643,39.92
4644,38.61
4645,30.30
4646,-15.44
4647,35.25
4648,27.83
4649,-10.74
4650,-32.74
4651,-27.55
4652,32.12
4653,4.49
4654,27.16
4655,-4.47
4656,32.32
4657,-21.54
4658,7.00
4659,31.83
4660,-7.41
4661,12.44
4662,3.47
4663,-37.39
4664,26.98
4665,23.05
4666,17.98
4667,1.21
4668,-3.19
4669,32.89
4670,25.10
4671,-6.03
4672,15.13
4673,-30.75
4674,-38.00
4675,-28.79
4676,-27.83
4677,-33.42
4678,33.83
4679,31.48
4680,28.10
4681,-12.86
4682,-2.05
4683,-8.30
4684,-36.96
4685,-2.49
4686,-29.58
4687,-37.69
4688,8.61
4689,26.00
4690,28.57
4691,19.92
4692,36.87
4693,37.18
4694,16.33
4695,38.20
4696,29.20
4697,-0.17
4698,-21.86
4699,-18.44
4700,-5.44
4701,2.85
4702,37.17
4703,30.89
4704,15.10
4705,-30.20
4706,15.33
4707,16.83
4708,40.77
4709,28.90
4710,-40.06
4711,-32.47
4712,7.56
4713,-16.07
4714,39.01
4715,17.67
4716,39.41
4717,-28.18
4718,10.64
4719,-39.44
4720,-4.15
4721,2.59
4722,-31.95
4723,-28.57
4724,-9.68
4725,-12.56
4726,-37.66
4727,2.24
4728,25.25
4729,-23.90
4730,-6.95
4731,16.30
4732,-39.66
4733,-14.02
4734,-29.10
4735,0.47
4736,0.40
4737,18.66
4738,-30.68
4739,36.40
4740,-27.41
4741,-26.92
4742,12.44
4743,35.53
4744,-21.82
4745,-38.33
4746,30.23
4747,20.05
4748,32.49
4749,-15.62
4750,-33.71
4751,17.60
4752,38.94
4753,13.86
4754,-17.13
4755,-14.50
4756,-34.54
4757,-35.99
4758,-7.69
4759,-23.82
4760,19.05
4761,18.54
4762,-9.97
4763,40.87
4764,-12.61
4765,-0.10
4766,-30.45
4767,-15.67
4768,-36.45
4769,-12.68
4770,33.23
4771,-5.43
4772,-39.44
4773,9.28
4774,16.87
4775,16.43
4776,22.99
4777,24.74
4778,-13.44
4779,32.65
4780,-34.53
4781,24.13
4782,-39.67
4783,36.06
4784,-39.51
4785,-25.67
4786,-14.39
4787,-0.60
4788,25.40
4789,10.30
4790,10.14
4791,29.45
4792,-24.18
4793,1.90
4794,32.25
4795,-23.47
4796,9.55
4797,-4.56
4798,12.95
4799,-2.49
4800,-35.28
4801,36.38
4802,25.97
4803,-31.77
4804,-24.48
4805,16.93
4806,-10.69
4807,38.78
4808,-4.23
4809,-0.52
4810,18.26
4811,-13.12
4812,-0.13
4813,-10.91
4814,32.86
4815,19.22
4816,-2.31
4817,10.60
4818,0.80
4819,-4.39
4820,-15.49
4821,33.98
4822,10.41
4823,39.75
4824,40.36
4825,-27.26
4826,10.74
4827,-5.34
4828,19.97
4829,1.51
4830,-18.57
4831,-36.10
4832,29.33
4833,-26.66
4834,-10.01
4835,6.70
4836,-20.06
4837,-19.48
4838,7.86
4839,-7.13
4840,9.91
4841,-30.62
4842,-40.67
4843,7.71
4844,12.42
4845,30.57
4846,-19.62
4847,-26.99
4848,-25.28
4849,22.21
4850,-5.87
4851,16.86
4852,-3.35
4853,32.28
4854,19.53
4855,-5.68
4856,2.13
4857,-9.92
4858,35.57
4859,16.19
4860,-0.65
4861,-18.65
4862,-21.81
4863,-0.19
4864,8.70
4865,23.77
4866,14.37
4867,-13.84
4868,30.15
4869,-17.22
4870,-32.70
4871,-15.65
4872,-29.31
4873,29.55
4874,28.07
4875,37.66
4876,15.55
4877,-22.24
4878,38.53
4879,7.14
4880,29.83
4881,3.84
4882,0.45
4883,29.56
4884,-8.81
4885,-9.18
4886,-1.32
4887,-38.90
4888,-21.11
4889,-18.51
4890,-39.63
4891,-31.98
4892,38.56
