IDUrzadzenia,IDWersji,IDPomiaru
0,0,1
0,1,1
0,1,2
0,2,1
0,2,2
0,2,3
0,3,1
0,3,2
0,3,3
0,3,4
0,4,1
0,4,2
0,4,3
0,4,4
0,4,5
0,5,1
0,5,2
0,5,3
0,5,4
0,5,5
0,5,6
0,6,1
0,6,2
0,6,3
0,6,4
0,6,5
0,6,6
0,6,7
0,7,1
0,7,2
0,7,3
0,7,4
0,7,5
0,7,6
0,7,7
0,8,1
0,8,2
0,8,3
0,8,4
0,8,5
0,8,6
0,8,7
0,9,1
0,9,2
0,9,3
0,9,4
0,9,5
0,9,6
0,9,7
0,10,1
0,10,2
0,10,3
0,10,4
0,10,5
0,10,6
0,10,7
0,11,1
0,11,2
0,11,3
0,11,4
0,11,5
0,11,6
0,11,7
0,12,1
0,12,2
0,12,3
0,12,4
0,12,5
0,12,6
0,12,7
0,13,1
0,13,2
0,13,3
0,13,4
0,13,5
0,13,6
0,13,7
0,14,1
0,14,2
0,14,3
0,14,4
0,14,5
0,14,6
0,14,7
0,15,1
0,15,2
0,15,3
0,15,4
0,15,5
0,15,6
0,15,7
0,16,1
0,16,2
0,16,3
0,16,4
0,16,5
0,16,6
0,16,7
0,17,1
0,17,2
0,17,3
0,17,4
0,17,5
0,17,6
0,17,7
0,18,1
0,18,2
0,18,3
0,18,4
0,18,5
0,18,6
0,18,7
0,19,1
0,19,2
0,19,3
0,19,4
0,19,5
0,19,6
0,19,7
0,20,1
0,20,2
0,20,3
0,20,4
0,20,5
0,20,6
0,20,7
0,21,1
0,21,2
0,21,3
0,21,4
0,21,5
0,21,6
0,21,7
0,22,1
0,22,2
0,22,3
0,22,4
0,22,5
0,22,6
0,22,7
0,23,1
0,23,2
0,23,3
0,23,4
0,23,5
0,23,6
0,23,7
0,24,1
0,24,2
0,24,3
0,24,4
0,24,5
0,24,6
0,24,7
0,25,1
0,25,2
0,25,3
0,25,4
0,25,5
0,25,6
0,25,7
0,26,1
0,26,2
0,26,3
0,26,4
0,26,5
0,26,6
0,26,7
0,27,1
0,27,2
0,27,3
0,27,4
0,27,5
0,27,6
0,27,7
0,28,1
0,28,2
0,28,3
0,28,4
0,28,5
0,28,6
0,28,7
0,29,1
0,29,2
0,29,3
0,29,4
0,29,5
0,29,6
0,29,7
0,30,1
0,30,2
0,30,3
0,30,4
0,30,5
0,30,6
0,30,7
0,31,1
0,31,2
0,31,3
0,31,4
0,31,5
0,31,6
0,31,7
0,32,1
0,32,2
0,32,3
0,32,4
0,32,5
0,32,6
0,32,7
0,33,1
0,33,2
0,33,3
0,33,4
0,33,5
0,33,6
0,33,7
1,0,8
1,1,8
1,1,9
1,2,8
1,2,9
1,2,10
1,3,8
1,3,9
1,3,10
1,4,8
1,4,9
1,4,10
1,5,8
1,5,9
1,5,10
1,6,8
1,6,9
1,6,10
1,7,8
1,7,9
1,7,10
1,8,8
1,8,9
1,8,10
1,9,8
1,9,9
1,9,10
1,10,8
1,10,9
1,10,10
1,11,8
1,11,9
1,11,10
1,12,8
1,12,9
1,12,10
1,13,8
1,13,9
1,13,10
1,14,8
1,14,9
1,14,10
1,15,8
1,15,9
1,15,10
1,16,8
1,16,9
1,16,10
1,17,8
1,17,9
1,17,10
1,18,8
1,18,9
1,18,10
1,19,8
1,19,9
1,19,10
1,20,8
1,20,9
1,20,10
1,21,8
1,21,9
1,21,10
1,22,8
1,22,9
1,22,10
1,23,8
1,23,9
1,23,10
1,24,8
1,24,9
1,24,10
1,25,8
1,25,9
1,25,10
1,26,8
1,26,9
1,26,10
1,27,8
1,27,9
1,27,10
1,28,8
1,28,9
1,28,10
1,29,8
1,29,9
1,29,10
2,0,11
2,1,11
2,2,11
2,3,11
2,4,11
2,5,11
2,6,11
2,7,11
2,8,11
2,9,11
2,10,11
2,11,11
2,12,11
2,13,11
2,14,11
2,15,11
2,16,11
2,17,11
2,18,11
2,19,11
2,20,11
2,21,11
2,22,11
2,23,11
2,24,11
2,25,11
2,26,11
2,27,11
3,0,12
3,1,12
3,1,13
3,2,12
3,2,13
3,2,14
3,3,12
3,3,13
3,3,14
3,3,15
3,4,12
3,4,13
3,4,14
3,4,15
3,4,16
3,5,12
3,5,13
3,5,14
3,5,15
3,5,16
3,5,17
3,6,12
3,6,13
3,6,14
3,6,15
3,6,16
3,6,17
3,6,18
3,7,12
3,7,13
3,7,14
3,7,15
3,7,16
3,7,17
3,7,18
3,8,12
3,8,13
3,8,14
3,8,15
3,8,16
3,8,17
3,8,18
3,9,12
3,9,13
3,9,14
3,9,15
3,9,16
3,9,17
3,9,18
3,10,12
3,10,13
3,10,14
3,10,15
3,10,16
3,10,17
3,10,18
3,11,12
3,11,13
3,11,14
3,11,15
3,11,16
3,11,17
3,11,18
3,12,12
3,12,13
3,12,14
3,12,15
3,12,16
3,12,17
3,12,18
3,13,12
3,13,13
3,13,14
3,13,15
3,13,16
3,13,17
3,13,18
3,14,12
3,14,13
3,14,14
3,14,15
3,14,16
3,14,17
3,14,18
3,15,12
3,15,13
3,15,14
3,15,15
3,15,16
3,15,17
3,15,18
3,16,12
3,16,13
3,16,14
3,16,15
3,16,16
3,16,17
3,16,18
3,17,12
3,17,13
3,17,14
3,17,15
3,17,16
3,17,17
3,17,18
3,18,12
3,18,13
3,18,14
3,18,15
3,18,16
3,18,17
3,18,18
3,19,12
3,19,13
3,19,14
3,19,15
3,19,16
3,19,17
3,19,18
3,20,12
3,20,13
3,20,14
3,20,15
3,20,16
3,20,17
3,20,18
3,21,12
3,21,13
3,21,14
3,21,15
3,21,16
3,21,17
3,21,18
3,22,12
3,22,13
3,22,14
3,22,15
3,22,16
3,22,17
3,22,18
3,23,12
3,23,13
3,23,14
3,23,15
3,23,16
3,23,17
3,23,18
3,24,12
3,24,13
3,24,14
3,24,15
3,24,16
3,24,17
3,24,18
3,25,12
3,25,13
3,25,14
3,25,15
3,25,16
3,25,17
3,25,18
3,26,12
3,26,13
3,26,14
3,26,15
3,26,16
3,26,17
3,26,18
3,27,12
3,27,13
3,27,14
3,27,15
3,27,16
3,27,17
3,27,18
3,28,12
3,28,13
3,28,14
3,28,15
3,28,16
3,28,17
3,28,18
3,29,12
3,29,13
3,29,14
3,29,15
3,29,16
3,29,17
3,29,18
3,30,12
3,30,13
3,30,14
3,30,15
3,30,16
3,30,17
3,30,18
3,31,12
3,31,13
3,31,14
3,31,15
3,31,16
3,31,17
3,31,18
3,32,12
3,32,13
3,32,14
3,32,15
3,32,16
3,32,17
3,32,18
3,33,12
3,33,13
3,33,14
3,33,15
3,33,16
3,33,17
3,33,18
3,34,12
3,34,13
3,34,14
3,34,15
3,34,16
3,34,17
3,34,18
3,35,12
3,35,13
3,35,14
3,35,15
3,35,16
3,35,17
3,35,18
3,36,12
3,36,13
3,36,14
3,36,15
3,36,16
3,36,17
3,36,18
3,37,12
3,37,13
3,37,14
3,37,15
3,37,16
3,37,17
3,37,18
3,38,12
3,38,13
3,38,14
3,38,15
3,38,16
3,38,17
3,38,18
3,39,12
3,39,13
3,39,14
3,39,15
3,39,16
3,39,17
3,39,18
3,40,12
3,40,13
3,40,14
3,40,15
3,40,16
3,40,17
3,40,18
3,41,12
3,41,13
3,41,14
3,41,15
3,41,16
3,41,17
3,41,18
3,42,12
3,42,13
3,42,14
3,42,15
3,42,16
3,42,17
3,42,18
4,0,19
4,1,19
4,1,20
4,2,19
4,2,20
4,2,21
4,3,19
4,3,20
4,3,21
4,3,22
4,4,19
4,4,20
4,4,21
4,4,22
4,4,23
4,5,19
4,5,20
4,5,21
4,5,22
4,5,23
4,5,24
4,6,19
4,6,20
4,6,21
4,6,22
4,6,23
4,6,24
4,6,25
4,7,19
4,7,20
4,7,21
4,7,22
4,7,23
4,7,24
4,7,25
4,8,19
4,8,20
4,8,21
4,8,22
4,8,23
4,8,24
4,8,25
4,9,19
4,9,20
4,9,21
4,9,22
4,9,23
4,9,24
4,9,25
4,10,19
4,10,20
4,10,21
4,10,22
4,10,23
4,10,24
4,10,25
4,11,19
4,11,20
4,11,21
4,11,22
4,11,23
4,11,24
4,11,25
4,12,19
4,12,20
4,12,21
4,12,22
4,12,23
4,12,24
4,12,25
4,13,19
4,13,20
4,13,21
4,13,22
4,13,23
4,13,24
4,13,25
4,14,19
4,14,20
4,14,21
4,14,22
4,14,23
4,14,24
4,14,25
4,15,19
4,15,20
4,15,21
4,15,22
4,15,23
4,15,24
4,15,25
4,16,19
4,16,20
4,16,21
4,16,22
4,16,23
4,16,24
4,16,25
4,17,19
4,17,20
4,17,21
4,17,22
4,17,23
4,17,24
4,17,25
4,18,19
4,18,20
4,18,21
4,18,22
4,18,23
4,18,24
4,18,25
4,19,19
4,19,20
4,19,21
4,19,22
4,19,23
4,19,24
4,19,25
4,20,19
4,20,20
4,20,21
4,20,22
4,20,23
4,20,24
4,20,25
4,21,19
4,21,20
4,21,21
4,21,22
4,21,23
4,21,24
4,21,25
4,22,19
4,22,20
4,22,21
4,22,22
4,22,23
4,22,24
4,22,25
4,23,19
4,23,20
4,23,21
4,23,22
4,23,23
4,23,24
4,23,25
4,24,19
4,24,20
4,24,21
4,24,22
4,24,23
4,24,24
4,24,25
4,25,19
4,25,20
4,25,21
4,25,22
4,25,23
4,25,24
4,25,25
4,26,19
4,26,20
4,26,21
4,26,22
4,26,23
4,26,24
4,26,25
4,27,19
4,27,20
4,27,21
4,27,22
4,27,23
4,27,24
4,27,25
4,28,19
4,28,20
4,28,21
4,28,22
4,28,23
4,28,24
4,28,25
4,29,19
4,29,20
4,29,21
4,29,22
4,29,23
4,29,24
4,29,25
4,30,19
4,30,20
4,30,21
4,30,22
4,30,23
4,30,24
4,30,25
4,31,19
4,31,20
4,31,21
4,31,22
4,31,23
4,31,24
4,31,25
4,32,19
4,32,20
4,32,21
4,32,22
4,32,23
4,32,24
4,32,25
4,33,19
4,33,20
4,33,21
4,33,22
4,33,23
4,33,24
4,33,25
4,34,19
4,34,20
4,34,21
4,34,22
4,34,23
4,34,24
4,34,25
4,35,19
4,35,20
4,35,21
4,35,22
4,35,23
4,35,24
4,35,25
4,36,19
4,36,20
4,36,21
4,36,22
4,36,23
4,36,24
4,36,25
4,37,19
4,37,20
4,37,21
4,37,22
4,37,23
4,37,24
4,37,25
4,38,19
4,38,20
4,38,21
4,38,22
4,38,23
4,38,24
4,38,25
4,39,19
4,39,20
4,39,21
4,39,22
4,39,23
4,39,24
4,39,25
5,0,26
5,1,26
5,1,27
5,2,26
5,2,27
5,2,28
5,3,26
5,3,27
5,3,28
5,3,29
5,4,26
5,4,27
5,4,28
5,4,29
5,4,30
5,5,26
5,5,27
5,5,28
5,5,29
5,5,30
5,5,31
5,6,26
5,6,27
5,6,28
5,6,29
5,6,30
5,6,31
5,6,32
5,7,26
5,7,27
5,7,28
5,7,29
5,7,30
5,7,31
5,7,32
5,8,26
5,8,27
5,8,28
5,8,29
5,8,30
5,8,31
5,8,32
5,9,26
5,9,27
5,9,28
5,9,29
5,9,30
5,9,31
5,9,32
5,10,26
5,10,27
5,10,28
5,10,29
5,10,30
5,10,31
5,10,32
5,11,26
5,11,27
5,11,28
5,11,29
5,11,30
5,11,31
5,11,32
5,12,26
5,12,27
5,12,28
5,12,29
5,12,30
5,12,31
5,12,32
5,13,26
5,13,27
5,13,28
5,13,29
5,13,30
5,13,31
5,13,32
5,14,26
5,14,27
5,14,28
5,14,29
5,14,30
5,14,31
5,14,32
5,15,26
5,15,27
5,15,28
5,15,29
5,15,30
5,15,31
5,15,32
5,16,26
5,16,27
5,16,28
5,16,29
5,16,30
5,16,31
5,16,32
5,17,26
5,17,27
5,17,28
5,17,29
5,17,30
5,17,31
5,17,32
5,18,26
5,18,27
5,18,28
5,18,29
5,18,30
5,18,31
5,18,32
5,19,26
5,19,27
5,19,28
5,19,29
5,19,30
5,19,31
5,19,32
5,20,26
5,20,27
5,20,28
5,20,29
5,20,30
5,20,31
5,20,32
5,21,26
5,21,27
5,21,28
5,21,29
5,21,30
5,21,31
5,21,32
5,22,26
5,22,27
5,22,28
5,22,29
5,22,30
5,22,31
5,22,32
5,23,26
5,23,27
5,23,28
5,23,29
5,23,30
5,23,31
5,23,32
5,24,26
5,24,27
5,24,28
5,24,29
5,24,30
5,24,31
5,24,32
5,25,26
5,25,27
5,25,28
5,25,29
5,25,30
5,25,31
5,25,32
5,26,26
5,26,27
5,26,28
5,26,29
5,26,30
5,26,31
5,26,32
5,27,26
5,27,27
5,27,28
5,27,29
5,27,30
5,27,31
5,27,32
5,28,26
5,28,27
5,28,28
5,28,29
5,28,30
5,28,31
5,28,32
5,29,26
5,29,27
5,29,28
5,29,29
5,29,30
5,29,31
5,29,32
5,30,26
5,30,27
5,30,28
5,30,29
5,30,30
5,30,31
5,30,32
5,31,26
5,31,27
5,31,28
5,31,29
5,31,30
5,31,31
5,31,32
5,32,26
5,32,27
5,32,28
5,32,29
5,32,30
5,32,31
5,32,32
5,33,26
5,33,27
5,33,28
5,33,29
5,33,30
5,33,31
5,33,32
5,34,26
5,34,27
5,34,28
5,34,29
5,34,30
5,34,31
5,34,32
5,35,26
5,35,27
5,35,28
5,35,29
5,35,30
5,35,31
5,35,32
5,36,26
5,36,27
5,36,28
5,36,29
5,36,30
5,36,31
5,36,32
6,0,33
6,1,33
6,1,34
6,2,33
6,2,34
6,2,35
6,3,33
6,3,34
6,3,35
6,4,33
6,4,34
6,4,35
6,5,33
6,5,34
6,5,35
6,6,33
6,6,34
6,6,35
6,7,33
6,7,34
6,7,35
6,8,33
6,8,34
6,8,35
6,9,33
6,9,34
6,9,35
6,10,33
6,10,34
6,10,35
6,11,33
6,11,34
6,11,35
6,12,33
6,12,34
6,12,35
6,13,33
6,13,34
6,13,35
6,14,33
6,14,34
6,14,35
6,15,33
6,15,34
6,15,35
6,16,33
6,16,34
6,16,35
6,17,33
6,17,34
6,17,35
6,18,33
6,18,34
6,18,35
6,19,33
6,19,34
6,19,35
6,20,33
6,20,34
6,20,35
6,21,33
6,21,34
6,21,35
6,22,33
6,22,34
6,22,35
6,23,33
6,23,34
6,23,35
6,24,33
6,24,34
6,24,35
6,25,33
6,25,34
6,25,35
6,26,33
6,26,34
6,26,35
6,27,33
6,27,34
6,27,35
6,28,33
6,28,34
6,28,35
6,29,33
6,29,34
6,29,35
6,30,33
6,30,34
6,30,35
6,31,33
6,31,34
6,31,35
6,32,33
6,32,34
6,32,35
6,33,33
6,33,34
6,33,35
6,34,33
6,34,34
6,34,35
7,0,36
7,1,36
7,1,37
7,2,36
7,2,37
7,2,38
7,3,36
7,3,37
7,3,38
7,4,36
7,4,37
7,4,38
7,5,36
7,5,37
7,5,38
7,6,36
7,6,37
7,6,38
7,7,36
7,7,37
7,7,38
7,8,36
7,8,37
7,8,38
7,9,36
7,9,37
7,9,38
7,10,36
7,10,37
7,10,38
7,11,36
7,11,37
7,11,38
7,12,36
7,12,37
7,12,38
7,13,36
7,13,37
7,13,38
7,14,36
7,14,37
7,14,38
7,15,36
7,15,37
7,15,38
7,16,36
7,16,37
7,16,38
7,17,36
7,17,37
7,17,38
7,18,36
7,18,37
7,18,38
7,19,36
7,19,37
7,19,38
7,20,36
7,20,37
7,20,38
7,21,36
7,21,37
7,21,38
7,22,36
7,22,37
7,22,38
7,23,36
7,23,37
7,23,38
7,24,36
7,24,37
7,24,38
7,25,36
7,25,37
7,25,38
7,26,36
7,26,37
7,26,38
7,27,36
7,27,37
7,27,38
7,28,36
7,28,37
7,28,38
7,29,36
7,29,37
7,29,38
7,30,36
7,30,37
7,30,38
7,31,36
7,31,37
7,31,38
7,32,36
7,32,37
7,32,38
7,33,36
7,33,37
7,33,38
8,0,39
8,1,39
8,1,40
8,2,39
8,2,40
8,3,39
8,3,40
8,4,39
8,4,40
8,5,39
8,5,40
8,6,39
8,6,40
8,7,39
8,7,40
8,8,39
8,8,40
8,9,39
8,9,40
8,10,39
8,10,40
8,11,39
8,11,40
8,12,39
8,12,40
8,13,39
8,13,40
8,14,39
8,14,40
8,15,39
8,15,40
8,16,39
8,16,40
8,17,39
8,17,40
8,18,39
8,18,40
8,19,39
8,19,40
8,20,39
8,20,40
8,21,39
8,21,40
8,22,39
8,22,40
8,23,39
8,23,40
8,24,39
8,24,40
8,25,39
8,25,40
8,26,39
8,26,40
8,27,39
8,27,40
8,28,39
8,28,40
8,29,39
8,29,40
8,30,39
8,30,40
8,31,39
8,31,40
9,0,41
9,1,41
9,1,42
9,2,41
9,2,42
9,2,43
9,3,41
9,3,42
9,3,43
9,3,44
9,4,41
9,4,42
9,4,43
9,4,44
9,5,41
9,5,42
9,5,43
9,5,44
9,6,41
9,6,42
9,6,43
9,6,44
9,7,41
9,7,42
9,7,43
9,7,44
9,8,41
9,8,42
9,8,43
9,8,44
9,9,41
9,9,42
9,9,43
9,9,44
9,10,41
9,10,42
9,10,43
9,10,44
9,11,41
9,11,42
9,11,43
9,11,44
9,12,41
9,12,42
9,12,43
9,12,44
9,13,41
9,13,42
9,13,43
9,13,44
9,14,41
9,14,42
9,14,43
9,14,44
9,15,41
9,15,42
9,15,43
9,15,44
9,16,41
9,16,42
9,16,43
9,16,44
9,17,41
9,17,42
9,17,43
9,17,44
9,18,41
9,18,42
9,18,43
9,18,44
9,19,41
9,19,42
9,19,43
9,19,44
9,20,41
9,20,42
9,20,43
9,20,44
9,21,41
9,21,42
9,21,43
9,21,44
9,22,41
9,22,42
9,22,43
9,22,44
9,23,41
9,23,42
9,23,43
9,23,44
9,24,41
9,24,42
9,24,43
9,24,44
9,25,41
9,25,42
9,25,43
9,25,44
9,26,41
9,26,42
9,26,43
9,26,44
9,27,41
9,27,42
9,27,43
9,27,44
9,28,41
9,28,42
9,28,43
9,28,44
9,29,41
9,29,42
9,29,43
9,29,44
9,30,41
9,30,42
9,30,43
9,30,44
9,31,41
9,31,42
9,31,43
9,31,44
9,32,41
9,32,42
9,32,43
9,32,44
9,33,41
9,33,42
9,33,43
9,33,44
9,34,41
9,34,42
9,34,43
9,34,44
9,35,41
9,35,42
9,35,43
9,35,44
10,0,45
10,1,45
10,1,46
10,2,45
10,2,46
10,2,47
10,3,45
10,3,46
10,3,47
10,3,48
10,4,45
10,4,46
10,4,47
10,4,48
10,4,49
10,5,45
10,5,46
10,5,47
10,5,48
10,5,49
10,5,50
10,6,45
10,6,46
10,6,47
10,6,48
10,6,49
10,6,50
10,7,45
10,7,46
10,7,47
10,7,48
10,7,49
10,7,50
10,8,45
10,8,46
10,8,47
10,8,48
10,8,49
10,8,50
10,9,45
10,9,46
10,9,47
10,9,48
10,9,49
10,9,50
10,10,45
10,10,46
10,10,47
10,10,48
10,10,49
10,10,50
10,11,45
10,11,46
10,11,47
10,11,48
10,11,49
10,11,50
10,12,45
10,12,46
10,12,47
10,12,48
10,12,49
10,12,50
10,13,45
10,13,46
10,13,47
10,13,48
10,13,49
10,13,50
10,14,45
10,14,46
10,14,47
10,14,48
10,14,49
10,14,50
10,15,45
10,15,46
10,15,47
10,15,48
10,15,49
10,15,50
10,16,45
10,16,46
10,16,47
10,16,48
10,16,49
10,16,50
10,17,45
10,17,46
10,17,47
10,17,48
10,17,49
10,17,50
10,18,45
10,18,46
10,18,47
10,18,48
10,18,49
10,18,50
10,19,45
10,19,46
10,19,47
10,19,48
10,19,49
10,19,50
10,20,45
10,20,46
10,20,47
10,20,48
10,20,49
10,20,50
10,21,45
10,21,46
10,21,47
10,21,48
10,21,49
10,21,50
10,22,45
10,22,46
10,22,47
10,22,48
10,22,49
10,22,50
10,23,45
10,23,46
10,23,47
10,23,48
10,23,49
10,23,50
10,24,45
10,24,46
10,24,47
10,24,48
10,24,49
10,24,50
10,25,45
10,25,46
10,25,47
10,25,48
10,25,49
10,25,50
10,26,45
10,26,46
10,26,47
10,26,48
10,26,49
10,26,50
10,27,45
10,27,46
10,27,47
10,27,48
10,27,49
10,27,50
10,28,45
10,28,46
10,28,47
10,28,48
10,28,49
10,28,50
10,29,45
10,29,46
10,29,47
10,29,48
10,29,49
10,29,50
10,30,45
10,30,46
10,30,47
10,30,48
10,30,49
10,30,50
10,31,45
10,31,46
10,31,47
10,31,48
10,31,49
10,31,50
10,32,45
10,32,46
10,32,47
10,32,48
10,32,49
10,32,50
10,33,45
10,33,46
10,33,47
10,33,48
10,33,49
10,33,50
10,34,45
10,34,46
10,34,47
10,34,48
10,34,49
10,34,50
11,0,51
11,1,51
11,2,51
11,3,51
11,4,51
11,5,51
11,6,51
11,7,51
11,8,51
11,9,51
11,10,51
11,11,51
11,12,51
11,13,51
11,14,51
11,15,51
11,16,51
11,17,51
11,18,51
11,19,51
11,20,51
11,21,51
11,22,51
11,23,51
11,24,51
11,25,51
11,26,51
11,27,51
11,28,51
11,29,51
12,0,52
12,1,52
12,1,53
12,2,52
12,2,53
12,2,54
12,3,52
12,3,53
12,3,54
12,3,55
12,4,52
12,4,53
12,4,54
12,4,55
12,5,52
12,5,53
12,5,54
12,5,55
12,6,52
12,6,53
12,6,54
12,6,55
12,7,52
12,7,53
12,7,54
12,7,55
12,8,52
12,8,53
12,8,54
12,8,55
12,9,52
12,9,53
12,9,54
12,9,55
12,10,52
12,10,53
12,10,54
12,10,55
12,11,52
12,11,53
12,11,54
12,11,55
12,12,52
12,12,53
12,12,54
12,12,55
12,13,52
12,13,53
12,13,54
12,13,55
12,14,52
12,14,53
12,14,54
12,14,55
12,15,52
12,15,53
12,15,54
12,15,55
12,16,52
12,16,53
12,16,54
12,16,55
12,17,52
12,17,53
12,17,54
12,17,55
12,18,52
12,18,53
12,18,54
12,18,55
12,19,52
12,19,53
12,19,54
12,19,55
12,20,52
12,20,53
12,20,54
12,20,55
12,21,52
12,21,53
12,21,54
12,21,55
12,22,52
12,22,53
12,22,54
12,22,55
12,23,52
12,23,53
12,23,54
12,23,55
12,24,52
12,24,53
12,24,54
12,24,55
12,25,52
12,25,53
12,25,54
12,25,55
12,26,52
12,26,53
12,26,54
12,26,55
12,27,52
12,27,53
12,27,54
12,27,55
12,28,52
12,28,53
12,28,54
12,28,55
12,29,52
12,29,53
12,29,54
12,29,55
12,30,52
12,30,53
12,30,54
12,30,55
12,31,52
12,31,53
12,31,54
12,31,55
12,32,52
12,32,53
12,32,54
12,32,55
12,33,52
12,33,53
12,33,54
12,33,55
12,34,52
12,34,53
12,34,54
12,34,55
12,35,52
12,35,53
12,35,54
12,35,55
12,36,52
12,36,53
12,36,54
12,36,55
12,37,52
12,37,53
12,37,54
12,37,55
13,0,56
13,1,56
13,1,57
13,2,56
13,2,57
13,2,58
13,3,56
13,3,57
13,3,58
13,3,59
13,4,56
13,4,57
13,4,58
13,4,59
13,4,60
13,5,56
13,5,57
13,5,58
13,5,59
13,5,60
13,5,61
13,6,56
13,6,57
13,6,58
13,6,59
13,6,60
13,6,61
13,7,56
13,7,57
13,7,58
13,7,59
13,7,60
13,7,61
13,8,56
13,8,57
13,8,58
13,8,59
13,8,60
13,8,61
13,9,56
13,9,57
13,9,58
13,9,59
13,9,60
13,9,61
13,10,56
13,10,57
13,10,58
13,10,59
13,10,60
13,10,61
13,11,56
13,11,57
13,11,58
13,11,59
13,11,60
13,11,61
13,12,56
13,12,57
13,12,58
13,12,59
13,12,60
13,12,61
13,13,56
13,13,57
13,13,58
13,13,59
13,13,60
13,13,61
13,14,56
13,14,57
13,14,58
13,14,59
13,14,60
13,14,61
13,15,56
13,15,57
13,15,58
13,15,59
13,15,60
13,15,61
13,16,56
13,16,57
13,16,58
13,16,59
13,16,60
13,16,61
13,17,56
13,17,57
13,17,58
13,17,59
13,17,60
13,17,61
13,18,56
13,18,57
13,18,58
13,18,59
13,18,60
13,18,61
13,19,56
13,19,57
13,19,58
13,19,59
13,19,60
13,19,61
13,20,56
13,20,57
13,20,58
13,20,59
13,20,60
13,20,61
13,21,56
13,21,57
13,21,58
13,21,59
13,21,60
13,21,61
13,22,56
13,22,57
13,22,58
13,22,59
13,22,60
13,22,61
13,23,56
13,23,57
13,23,58
13,23,59
13,23,60
13,23,61
13,24,56
13,24,57
13,24,58
13,24,59
13,24,60
13,24,61
13,25,56
13,25,57
13,25,58
13,25,59
13,25,60
13,25,61
13,26,56
13,26,57
13,26,58
13,26,59
13,26,60
13,26,61
13,27,56
13,27,57
13,27,58
13,27,59
13,27,60
13,27,61
13,28,56
13,28,57
13,28,58
13,28,59
13,28,60
13,28,61
13,29,56
13,29,57
13,29,58
13,29,59
13,29,60
13,29,61
13,30,56
13,30,57
13,30,58
13,30,59
13,30,60
13,30,61
13,31,56
13,31,57
13,31,58
13,31,59
13,31,60
13,31,61
13,32,56
13,32,57
13,32,58
13,32,59
13,32,60
13,32,61
13,33,56
13,33,57
13,33,58
13,33,59
13,33,60
13,33,61
13,34,56
13,34,57
13,34,58
13,34,59
13,34,60
13,34,61
13,35,56
13,35,57
13,35,58
13,35,59
13,35,60
13,35,61
13,36,56
13,36,57
13,36,58
13,36,59
13,36,60
13,36,61
13,37,56
13,37,57
13,37,58
13,37,59
13,37,60
13,37,61
14,0,62
14,1,62
14,1,63
14,2,62
14,2,63
14,2,64
14,3,62
14,3,63
14,3,64
14,3,65
14,4,62
14,4,63
14,4,64
14,4,65
14,4,66
14,5,62
14,5,63
14,5,64
14,5,65
14,5,66
14,5,67
14,6,62
14,6,63
14,6,64
14,6,65
14,6,66
14,6,67
14,6,68
14,7,62
14,7,63
14,7,64
14,7,65
14,7,66
14,7,67
14,7,68
14,8,62
14,8,63
14,8,64
14,8,65
14,8,66
14,8,67
14,8,68
14,9,62
14,9,63
14,9,64
14,9,65
14,9,66
14,9,67
14,9,68
14,10,62
14,10,63
14,10,64
14,10,65
14,10,66
14,10,67
14,10,68
14,11,62
14,11,63
14,11,64
14,11,65
14,11,66
14,11,67
14,11,68
14,12,62
14,12,63
14,12,64
14,12,65
14,12,66
14,12,67
14,12,68
14,13,62
14,13,63
14,13,64
14,13,65
14,13,66
14,13,67
14,13,68
14,14,62
14,14,63
14,14,64
14,14,65
14,14,66
14,14,67
14,14,68
14,15,62
14,15,63
14,15,64
14,15,65
14,15,66
14,15,67
14,15,68
14,16,62
14,16,63
14,16,64
14,16,65
14,16,66
14,16,67
14,16,68
14,17,62
14,17,63
14,17,64
14,17,65
14,17,66
14,17,67
14,17,68
14,18,62
14,18,63
14,18,64
14,18,65
14,18,66
14,18,67
14,18,68
14,19,62
14,19,63
14,19,64
14,19,65
14,19,66
14,19,67
14,19,68
14,20,62
14,20,63
14,20,64
14,20,65
14,20,66
14,20,67
14,20,68
14,21,62
14,21,63
14,21,64
14,21,65
14,21,66
14,21,67
14,21,68
14,22,62
14,22,63
14,22,64
14,22,65
14,22,66
14,22,67
14,22,68
14,23,62
14,23,63
14,23,64
14,23,65
14,23,66
14,23,67
14,23,68
14,24,62
14,24,63
14,24,64
14,24,65
14,24,66
14,24,67
14,24,68
14,25,62
14,25,63
14,25,64
14,25,65
14,25,66
14,25,67
14,25,68
14,26,62
14,26,63
14,26,64
14,26,65
14,26,66
14,26,67
14,26,68
14,27,62
14,27,63
14,27,64
14,27,65
14,27,66
14,27,67
14,27,68
14,28,62
14,28,63
14,28,64
14,28,65
14,28,66
14,28,67
14,28,68
14,29,62
14,29,63
14,29,64
14,29,65
14,29,66
14,29,67
14,29,68
14,30,62
14,30,63
14,30,64
14,30,65
14,30,66
14,30,67
14,30,68
14,31,62
14,31,63
14,31,64
14,31,65
14,31,66
14,31,67
14,31,68
14,32,62
14,32,63
14,32,64
14,32,65
14,32,66
14,32,67
14,32,68
14,33,62
14,33,63
14,33,64
14,33,65
14,33,66
14,33,67
14,33,68
14,34,62
14,34,63
14,34,64
14,34,65
14,34,66
14,34,67
14,34,68
14,35,62
14,35,63
14,35,64
14,35,65
14,35,66
14,35,67
14,35,68
14,36,62
14,36,63
14,36,64
14,36,65
14,36,66
14,36,67
14,36,68
15,0,69
15,1,69
15,1,70
15,2,69
15,2,70
15,2,71
15,3,69
15,3,70
15,3,71
15,3,72
15,4,69
15,4,70
15,4,71
15,4,72
15,4,73
15,5,69
15,5,70
15,5,71
15,5,72
15,5,73
15,5,74
15,6,69
15,6,70
15,6,71
15,6,72
15,6,73
15,6,74
15,6,75
15,7,69
15,7,70
15,7,71
15,7,72
15,7,73
15,7,74
15,7,75
15,7,76
15,8,69
15,8,70
15,8,71
15,8,72
15,8,73
15,8,74
15,8,75
15,8,76
15,8,77
15,9,69
15,9,70
15,9,71
15,9,72
15,9,73
15,9,74
15,9,75
15,9,76
15,9,77
15,10,69
15,10,70
15,10,71
15,10,72
15,10,73
15,10,74
15,10,75
15,10,76
15,10,77
15,11,69
15,11,70
15,11,71
15,11,72
15,11,73
15,11,74
15,11,75
15,11,76
15,11,77
15,12,69
15,12,70
15,12,71
15,12,72
15,12,73
15,12,74
15,12,75
15,12,76
15,12,77
15,13,69
15,13,70
15,13,71
15,13,72
15,13,73
15,13,74
15,13,75
15,13,76
15,13,77
15,14,69
15,14,70
15,14,71
15,14,72
15,14,73
15,14,74
15,14,75
15,14,76
15,14,77
15,15,69
15,15,70
15,15,71
15,15,72
15,15,73
15,15,74
15,15,75
15,15,76
15,15,77
15,16,69
15,16,70
15,16,71
15,16,72
15,16,73
15,16,74
15,16,75
15,16,76
15,16,77
15,17,69
15,17,70
15,17,71
15,17,72
15,17,73
15,17,74
15,17,75
15,17,76
15,17,77
15,18,69
15,18,70
15,18,71
15,18,72
15,18,73
15,18,74
15,18,75
15,18,76
15,18,77
15,19,69
15,19,70
15,19,71
15,19,72
15,19,73
15,19,74
15,19,75
15,19,76
15,19,77
15,20,69
15,20,70
15,20,71
15,20,72
15,20,73
15,20,74
15,20,75
15,20,76
15,20,77
15,21,69
15,21,70
15,21,71
15,21,72
15,21,73
15,21,74
15,21,75
15,21,76
15,21,77
15,22,69
15,22,70
15,22,71
15,22,72
15,22,73
15,22,74
15,22,75
15,22,76
15,22,77
15,23,69
15,23,70
15,23,71
15,23,72
15,23,73
15,23,74
15,23,75
15,23,76
15,23,77
15,24,69
15,24,70
15,24,71
15,24,72
15,24,73
15,24,74
15,24,75
15,24,76
15,24,77
15,25,69
15,25,70
15,25,71
15,25,72
15,25,73
15,25,74
15,25,75
15,25,76
15,25,77
15,26,69
15,26,70
15,26,71
15,26,72
15,26,73
15,26,74
15,26,75
15,26,76
15,26,77
15,27,69
15,27,70
15,27,71
15,27,72
15,27,73
15,27,74
15,27,75
15,27,76
15,27,77
15,28,69
15,28,70
15,28,71
15,28,72
15,28,73
15,28,74
15,28,75
15,28,76
15,28,77
15,29,69
15,29,70
15,29,71
15,29,72
15,29,73
15,29,74
15,29,75
15,29,76
15,29,77
15,30,69
15,30,70
15,30,71
15,30,72
15,30,73
15,30,74
15,30,75
15,30,76
15,30,77
15,31,69
15,31,70
15,31,71
15,31,72
15,31,73
15,31,74
15,31,75
15,31,76
15,31,77
15,32,69
15,32,70
15,32,71
15,32,72
15,32,73
15,32,74
15,32,75
15,32,76
15,32,77
15,33,69
15,33,70
15,33,71
15,33,72
15,33,73
15,33,74
15,33,75
15,33,76
15,33,77
15,34,69
15,34,70
15,34,71
15,34,72
15,34,73
15,34,74
15,34,75
15,34,76
15,34,77
15,35,69
15,35,70
15,35,71
15,35,72
15,35,73
15,35,74
15,35,75
15,35,76
15,35,77
15,36,69
15,36,70
15,36,71
15,36,72
15,36,73
15,36,74
15,36,75
15,36,76
15,36,77
15,37,69
15,37,70
15,37,71
15,37,72
15,37,73
15,37,74
15,37,75
15,37,76
15,37,77
15,38,69
15,38,70
15,38,71
15,38,72
15,38,73
15,38,74
15,38,75
15,38,76
15,38,77
16,0,78
16,1,78
16,1,79
16,2,78
16,2,79
16,2,80
16,3,78
16,3,79
16,3,80
16,3,81
16,4,78
16,4,79
16,4,80
16,4,81
16,4,82
16,5,78
16,5,79
16,5,80
16,5,81
16,5,82
16,5,83
16,6,78
16,6,79
16,6,80
16,6,81
16,6,82
16,6,83
16,6,84
16,7,78
16,7,79
16,7,80
16,7,81
16,7,82
16,7,83
16,7,84
16,8,78
16,8,79
16,8,80
16,8,81
16,8,82
16,8,83
16,8,84
16,9,78
16,9,79
16,9,80
16,9,81
16,9,82
16,9,83
16,9,84
16,10,78
16,10,79
16,10,80
16,10,81
16,10,82
16,10,83
16,10,84
16,11,78
16,11,79
16,11,80
16,11,81
16,11,82
16,11,83
16,11,84
16,12,78
16,12,79
16,12,80
16,12,81
16,12,82
16,12,83
16,12,84
16,13,78
16,13,79
16,13,80
16,13,81
16,13,82
16,13,83
16,13,84
16,14,78
16,14,79
16,14,80
16,14,81
16,14,82
16,14,83
16,14,84
16,15,78
16,15,79
16,15,80
16,15,81
16,15,82
16,15,83
16,15,84
16,16,78
16,16,79
16,16,80
16,16,81
16,16,82
16,16,83
16,16,84
16,17,78
16,17,79
16,17,80
16,17,81
16,17,82
16,17,83
16,17,84
16,18,78
16,18,79
16,18,80
16,18,81
16,18,82
16,18,83
16,18,84
16,19,78
16,19,79
16,19,80
16,19,81
16,19,82
16,19,83
16,19,84
16,20,78
16,20,79
16,20,80
16,20,81
16,20,82
16,20,83
16,20,84
16,21,78
16,21,79
16,21,80
16,21,81
16,21,82
16,21,83
16,21,84
16,22,78
16,22,79
16,22,80
16,22,81
16,22,82
16,22,83
16,22,84
16,23,78
16,23,79
16,23,80
16,23,81
16,23,82
16,23,83
16,23,84
16,24,78
16,24,79
16,24,80
16,24,81
16,24,82
16,24,83
16,24,84
16,25,78
16,25,79
16,25,80
16,25,81
16,25,82
16,25,83
16,25,84
16,26,78
16,26,79
16,26,80
16,26,81
16,26,82
16,26,83
16,26,84
16,27,78
16,27,79
16,27,80
16,27,81
16,27,82
16,27,83
16,27,84
16,28,78
16,28,79
16,28,80
16,28,81
16,28,82
16,28,83
16,28,84
16,29,78
16,29,79
16,29,80
16,29,81
16,29,82
16,29,83
16,29,84
16,30,78
16,30,79
16,30,80
16,30,81
16,30,82
16,30,83
16,30,84
16,31,78
16,31,79
16,31,80
16,31,81
16,31,82
16,31,83
16,31,84
16,32,78
16,32,79
16,32,80
16,32,81
16,32,82
16,32,83
16,32,84
16,33,78
16,33,79
16,33,80
16,33,81
16,33,82
16,33,83
16,33,84
17,0,85
17,1,85
17,1,86
17,2,85
17,2,86
17,2,87
17,3,85
17,3,86
17,3,87
17,3,88
17,4,85
17,4,86
17,4,87
17,4,88
17,4,89
17,5,85
17,5,86
17,5,87
17,5,88
17,5,89
17,5,90
17,6,85
17,6,86
17,6,87
17,6,88
17,6,89
17,6,90
17,6,91
17,7,85
17,7,86
17,7,87
17,7,88
17,7,89
17,7,90
17,7,91
17,7,92
17,8,85
17,8,86
17,8,87
17,8,88
17,8,89
17,8,90
17,8,91
17,8,92
17,9,85
17,9,86
17,9,87
17,9,88
17,9,89
17,9,90
17,9,91
17,9,92
17,10,85
17,10,86
17,10,87
17,10,88
17,10,89
17,10,90
17,10,91
17,10,92
17,11,85
17,11,86
17,11,87
17,11,88
17,11,89
17,11,90
17,11,91
17,11,92
17,12,85
17,12,86
17,12,87
17,12,88
17,12,89
17,12,90
17,12,91
17,12,92
17,13,85
17,13,86
17,13,87
17,13,88
17,13,89
17,13,90
17,13,91
17,13,92
17,14,85
17,14,86
17,14,87
17,14,88
17,14,89
17,14,90
17,14,91
17,14,92
17,15,85
17,15,86
17,15,87
17,15,88
17,15,89
17,15,90
17,15,91
17,15,92
17,16,85
17,16,86
17,16,87
17,16,88
17,16,89
17,16,90
17,16,91
17,16,92
17,17,85
17,17,86
17,17,87
17,17,88
17,17,89
17,17,90
17,17,91
17,17,92
17,18,85
17,18,86
17,18,87
17,18,88
17,18,89
17,18,90
17,18,91
17,18,92
17,19,85
17,19,86
17,19,87
17,19,88
17,19,89
17,19,90
17,19,91
17,19,92
17,20,85
17,20,86
17,20,87
17,20,88
17,20,89
17,20,90
17,20,91
17,20,92
17,21,85
17,21,86
17,21,87
17,21,88
17,21,89
17,21,90
17,21,91
17,21,92
17,22,85
17,22,86
17,22,87
17,22,88
17,22,89
17,22,90
17,22,91
17,22,92
17,23,85
17,23,86
17,23,87
17,23,88
17,23,89
17,23,90
17,23,91
17,23,92
17,24,85
17,24,86
17,24,87
17,24,88
17,24,89
17,24,90
17,24,91
17,24,92
17,25,85
17,25,86
17,25,87
17,25,88
17,25,89
17,25,90
17,25,91
17,25,92
17,26,85
17,26,86
17,26,87
17,26,88
17,26,89
17,26,90
17,26,91
17,26,92
17,27,85
17,27,86
17,27,87
17,27,88
17,27,89
17,27,90
17,27,91
17,27,92
17,28,85
17,28,86
17,28,87
17,28,88
17,28,89
17,28,90
17,28,91
17,28,92
17,29,85
17,29,86
17,29,87
17,29,88
17,29,89
17,29,90
17,29,91
17,29,92
17,30,85
17,30,86
17,30,87
17,30,88
17,30,89
17,30,90
17,30,91
17,30,92
17,31,85
17,31,86
17,31,87
17,31,88
17,31,89
17,31,90
17,31,91
17,31,92
17,32,85
17,32,86
17,32,87
17,32,88
17,32,89
17,32,90
17,32,91
17,32,92
18,0,93
18,1,93
18,1,94
18,2,93
18,2,94
18,2,95
18,3,93
18,3,94
18,3,95
18,3,96
18,4,93
18,4,94
18,4,95
18,4,96
18,4,97
18,5,93
18,5,94
18,5,95
18,5,96
18,5,97
18,5,98
18,6,93
18,6,94
18,6,95
18,6,96
18,6,97
18,6,98
18,6,99
18,7,93
18,7,94
18,7,95
18,7,96
18,7,97
18,7,98
18,7,99
18,7,100
18,8,93
18,8,94
18,8,95
18,8,96
18,8,97
18,8,98
18,8,99
18,8,100
18,8,101
18,9,93
18,9,94
18,9,95
18,9,96
18,9,97
18,9,98
18,9,99
18,9,100
18,9,101
18,10,93
18,10,94
18,10,95
18,10,96
18,10,97
18,10,98
18,10,99
18,10,100
18,10,101
18,11,93
18,11,94
18,11,95
18,11,96
18,11,97
18,11,98
18,11,99
18,11,100
18,11,101
18,12,93
18,12,94
18,12,95
18,12,96
18,12,97
18,12,98
18,12,99
18,12,100
18,12,101
18,13,93
18,13,94
18,13,95
18,13,96
18,13,97
18,13,98
18,13,99
18,13,100
18,13,101
18,14,93
18,14,94
18,14,95
18,14,96
18,14,97
18,14,98
18,14,99
18,14,100
18,14,101
18,15,93
18,15,94
18,15,95
18,15,96
18,15,97
18,15,98
18,15,99
18,15,100
18,15,101
18,16,93
18,16,94
18,16,95
18,16,96
18,16,97
18,16,98
18,16,99
18,16,100
18,16,101
18,17,93
18,17,94
18,17,95
18,17,96
18,17,97
18,17,98
18,17,99
18,17,100
18,17,101
18,18,93
18,18,94
18,18,95
18,18,96
18,18,97
18,18,98
18,18,99
18,18,100
18,18,101
18,19,93
18,19,94
18,19,95
18,19,96
18,19,97
18,19,98
18,19,99
18,19,100
18,19,101
18,20,93
18,20,94
18,20,95
18,20,96
18,20,97
18,20,98
18,20,99
18,20,100
18,20,101
18,21,93
18,21,94
18,21,95
18,21,96
18,21,97
18,21,98
18,21,99
18,21,100
18,21,101
18,22,93
18,22,94
18,22,95
18,22,96
18,22,97
18,22,98
18,22,99
18,22,100
18,22,101
18,23,93
18,23,94
18,23,95
18,23,96
18,23,97
18,23,98
18,23,99
18,23,100
18,23,101
18,24,93
18,24,94
18,24,95
18,24,96
18,24,97
18,24,98
18,24,99
18,24,100
18,24,101
18,25,93
18,25,94
18,25,95
18,25,96
18,25,97
18,25,98
18,25,99
18,25,100
18,25,101
18,26,93
18,26,94
18,26,95
18,26,96
18,26,97
18,26,98
18,26,99
18,26,100
18,26,101
18,27,93
18,27,94
18,27,95
18,27,96
18,27,97
18,27,98
18,27,99
18,27,100
18,27,101
18,28,93
18,28,94
18,28,95
18,28,96
18,28,97
18,28,98
18,28,99
18,28,100
18,28,101
18,29,93
18,29,94
18,29,95
18,29,96
18,29,97
18,29,98
18,29,99
18,29,100
18,29,101
18,30,93
18,30,94
18,30,95
18,30,96
18,30,97
18,30,98
18,30,99
18,30,100
18,30,101
18,31,93
18,31,94
18,31,95
18,31,96
18,31,97
18,31,98
18,31,99
18,31,100
18,31,101
18,32,93
18,32,94
18,32,95
18,32,96
18,32,97
18,32,98
18,32,99
18,32,100
18,32,101
18,33,93
18,33,94
18,33,95
18,33,96
18,33,97
18,33,98
18,33,99
18,33,100
18,33,101
18,34,93
18,34,94
18,34,95
18,34,96
18,34,97
18,34,98
18,34,99
18,34,100
18,34,101
18,35,93
18,35,94
18,35,95
18,35,96
18,35,97
18,35,98
18,35,99
18,35,100
18,35,101
19,0,102
19,1,102
19,1,103
19,2,102
19,2,103
19,2,104
19,3,102
19,3,103
19,3,104
19,4,102
19,4,103
19,4,104
19,5,102
19,5,103
19,5,104
19,6,102
19,6,103
19,6,104
19,7,102
19,7,103
19,7,104
19,8,102
19,8,103
19,8,104
19,9,102
19,9,103
19,9,104
19,10,102
19,10,103
19,10,104
19,11,102
19,11,103
19,11,104
19,12,102
19,12,103
19,12,104
19,13,102
19,13,103
19,13,104
19,14,102
19,14,103
19,14,104
19,15,102
19,15,103
19,15,104
19,16,102
19,16,103
19,16,104
19,17,102
19,17,103
19,17,104
19,18,102
19,18,103
19,18,104
19,19,102
19,19,103
19,19,104
19,20,102
19,20,103
19,20,104
19,21,102
19,21,103
19,21,104
19,22,102
19,22,103
19,22,104
19,23,102
19,23,103
19,23,104
19,24,102
19,24,103
19,24,104
19,25,102
19,25,103
19,25,104
19,26,102
19,26,103
19,26,104
19,27,102
19,27,103
19,27,104
19,28,102
19,28,103
19,28,104
20,0,105
20,1,105
20,1,106
20,2,105
20,2,106
20,2,107
20,3,105
20,3,106
20,3,107
20,3,108
20,4,105
20,4,106
20,4,107
20,4,108
20,4,109
20,5,105
20,5,106
20,5,107
20,5,108
20,5,109
20,5,110
20,6,105
20,6,106
20,6,107
20,6,108
20,6,109
20,6,110
20,6,111
20,7,105
20,7,106
20,7,107
20,7,108
20,7,109
20,7,110
20,7,111
20,7,112
20,8,105
20,8,106
20,8,107
20,8,108
20,8,109
20,8,110
20,8,111
20,8,112
20,9,105
20,9,106
20,9,107
20,9,108
20,9,109
20,9,110
20,9,111
20,9,112
20,10,105
20,10,106
20,10,107
20,10,108
20,10,109
20,10,110
20,10,111
20,10,112
20,11,105
20,11,106
20,11,107
20,11,108
20,11,109
20,11,110
20,11,111
20,11,112
20,12,105
20,12,106
20,12,107
20,12,108
20,12,109
20,12,110
20,12,111
20,12,112
20,13,105
20,13,106
20,13,107
20,13,108
20,13,109
20,13,110
20,13,111
20,13,112
20,14,105
20,14,106
20,14,107
20,14,108
20,14,109
20,14,110
20,14,111
20,14,112
20,15,105
20,15,106
20,15,107
20,15,108
20,15,109
20,15,110
20,15,111
20,15,112
20,16,105
20,16,106
20,16,107
20,16,108
20,16,109
20,16,110
20,16,111
20,16,112
20,17,105
20,17,106
20,17,107
20,17,108
20,17,109
20,17,110
20,17,111
20,17,112
20,18,105
20,18,106
20,18,107
20,18,108
20,18,109
20,18,110
20,18,111
20,18,112
20,19,105
20,19,106
20,19,107
20,19,108
20,19,109
20,19,110
20,19,111
20,19,112
20,20,105
20,20,106
20,20,107
20,20,108
20,20,109
20,20,110
20,20,111
20,20,112
20,21,105
20,21,106
20,21,107
20,21,108
20,21,109
20,21,110
20,21,111
20,21,112
20,22,105
20,22,106
20,22,107
20,22,108
20,22,109
20,22,110
20,22,111
20,22,112
20,23,105
20,23,106
20,23,107
20,23,108
20,23,109
20,23,110
20,23,111
20,23,112
20,24,105
20,24,106
20,24,107
20,24,108
20,24,109
20,24,110
20,24,111
20,24,112
20,25,105
20,25,106
20,25,107
20,25,108
20,25,109
20,25,110
20,25,111
20,25,112
20,26,105
20,26,106
20,26,107
20,26,108
20,26,109
20,26,110
20,26,111
20,26,112
20,27,105
20,27,106
20,27,107
20,27,108
20,27,109
20,27,110
20,27,111
20,27,112
20,28,105
20,28,106
20,28,107
20,28,108
20,28,109
20,28,110
20,28,111
20,28,112
20,29,105
20,29,106
20,29,107
20,29,108
20,29,109
20,29,110
20,29,111
20,29,112
20,30,105
20,30,106
20,30,107
20,30,108
20,30,109
20,30,110
20,30,111
20,30,112
20,31,105
20,31,106
20,31,107
20,31,108
20,31,109
20,31,110
20,31,111
20,31,112
21,0,113
21,1,113
21,1,114
21,2,113
21,2,114
21,2,115
21,3,113
21,3,114
21,3,115
21,3,116
21,4,113
21,4,114
21,4,115
21,4,116
21,4,117
21,5,113
21,5,114
21,5,115
21,5,116
21,5,117
21,6,113
21,6,114
21,6,115
21,6,116
21,6,117
21,7,113
21,7,114
21,7,115
21,7,116
21,7,117
21,8,113
21,8,114
21,8,115
21,8,116
21,8,117
21,9,113
21,9,114
21,9,115
21,9,116
21,9,117
21,10,113
21,10,114
21,10,115
21,10,116
21,10,117
21,11,113
21,11,114
21,11,115
21,11,116
21,11,117
21,12,113
21,12,114
21,12,115
21,12,116
21,12,117
21,13,113
21,13,114
21,13,115
21,13,116
21,13,117
21,14,113
21,14,114
21,14,115
21,14,116
21,14,117
21,15,113
21,15,114
21,15,115
21,15,116
21,15,117
21,16,113
21,16,114
21,16,115
21,16,116
21,16,117
21,17,113
21,17,114
21,17,115
21,17,116
21,17,117
21,18,113
21,18,114
21,18,115
21,18,116
21,18,117
21,19,113
21,19,114
21,19,115
21,19,116
21,19,117
21,20,113
21,20,114
21,20,115
21,20,116
21,20,117
21,21,113
21,21,114
21,21,115
21,21,116
21,21,117
21,22,113
21,22,114
21,22,115
21,22,116
21,22,117
21,23,113
21,23,114
21,23,115
21,23,116
21,23,117
21,24,113
21,24,114
21,24,115
21,24,116
21,24,117
21,25,113
21,25,114
21,25,115
21,25,116
21,25,117
21,26,113
21,26,114
21,26,115
21,26,116
21,26,117
21,27,113
21,27,114
21,27,115
21,27,116
21,27,117
21,28,113
21,28,114
21,28,115
21,28,116
21,28,117
21,29,113
21,29,114
21,29,115
21,29,116
21,29,117
21,30,113
21,30,114
21,30,115
21,30,116
21,30,117
22,0,118
22,1,118
22,1,119
22,2,118
22,2,119
22,2,120
22,3,118
22,3,119
22,3,120
22,3,121
22,4,118
22,4,119
22,4,120
22,4,121
22,4,122
22,5,118
22,5,119
22,5,120
22,5,121
22,5,122
22,5,123
22,6,118
22,6,119
22,6,120
22,6,121
22,6,122
22,6,123
22,6,124
22,7,118
22,7,119
22,7,120
22,7,121
22,7,122
22,7,123
22,7,124
22,8,118
22,8,119
22,8,120
22,8,121
22,8,122
22,8,123
22,8,124
22,9,118
22,9,119
22,9,120
22,9,121
22,9,122
22,9,123
22,9,124
22,10,118
22,10,119
22,10,120
22,10,121
22,10,122
22,10,123
22,10,124
22,11,118
22,11,119
22,11,120
22,11,121
22,11,122
22,11,123
22,11,124
22,12,118
22,12,119
22,12,120
22,12,121
22,12,122
22,12,123
22,12,124
22,13,118
22,13,119
22,13,120
22,13,121
22,13,122
22,13,123
22,13,124
22,14,118
22,14,119
22,14,120
22,14,121
22,14,122
22,14,123
22,14,124
22,15,118
22,15,119
22,15,120
22,15,121
22,15,122
22,15,123
22,15,124
22,16,118
22,16,119
22,16,120
22,16,121
22,16,122
22,16,123
22,16,124
22,17,118
22,17,119
22,17,120
22,17,121
22,17,122
22,17,123
22,17,124
22,18,118
22,18,119
22,18,120
22,18,121
22,18,122
22,18,123
22,18,124
22,19,118
22,19,119
22,19,120
22,19,121
22,19,122
22,19,123
22,19,124
22,20,118
22,20,119
22,20,120
22,20,121
22,20,122
22,20,123
22,20,124
22,21,118
22,21,119
22,21,120
22,21,121
22,21,122
22,21,123
22,21,124
22,22,118
22,22,119
22,22,120
22,22,121
22,22,122
22,22,123
22,22,124
22,23,118
22,23,119
22,23,120
22,23,121
22,23,122
22,23,123
22,23,124
22,24,118
22,24,119
22,24,120
22,24,121
22,24,122
22,24,123
22,24,124
22,25,118
22,25,119
22,25,120
22,25,121
22,25,122
22,25,123
22,25,124
22,26,118
22,26,119
22,26,120
22,26,121
22,26,122
22,26,123
22,26,124
22,27,118
22,27,119
22,27,120
22,27,121
22,27,122
22,27,123
22,27,124
22,28,118
22,28,119
22,28,120
22,28,121
22,28,122
22,28,123
22,28,124
22,29,118
22,29,119
22,29,120
22,29,121
22,29,122
22,29,123
22,29,124
23,0,125
23,1,125
23,1,126
23,2,125
23,2,126
23,2,127
23,3,125
23,3,126
23,3,127
23,3,128
23,4,125
23,4,126
23,4,127
23,4,128
23,4,129
23,5,125
23,5,126
23,5,127
23,5,128
23,5,129
23,5,130
23,6,125
23,6,126
23,6,127
23,6,128
23,6,129
23,6,130
23,6,131
23,7,125
23,7,126
23,7,127
23,7,128
23,7,129
23,7,130
23,7,131
23,8,125
23,8,126
23,8,127
23,8,128
23,8,129
23,8,130
23,8,131
23,9,125
23,9,126
23,9,127
23,9,128
23,9,129
23,9,130
23,9,131
23,10,125
23,10,126
23,10,127
23,10,128
23,10,129
23,10,130
23,10,131
23,11,125
23,11,126
23,11,127
23,11,128
23,11,129
23,11,130
23,11,131
23,12,125
23,12,126
23,12,127
23,12,128
23,12,129
23,12,130
23,12,131
23,13,125
23,13,126
23,13,127
23,13,128
23,13,129
23,13,130
23,13,131
23,14,125
23,14,126
23,14,127
23,14,128
23,14,129
23,14,130
23,14,131
23,15,125
23,15,126
23,15,127
23,15,128
23,15,129
23,15,130
23,15,131
23,16,125
23,16,126
23,16,127
23,16,128
23,16,129
23,16,130
23,16,131
23,17,125
23,17,126
23,17,127
23,17,128
23,17,129
23,17,130
23,17,131
23,18,125
23,18,126
23,18,127
23,18,128
23,18,129
23,18,130
23,18,131
23,19,125
23,19,126
23,19,127
23,19,128
23,19,129
23,19,130
23,19,131
23,20,125
23,20,126
23,20,127
23,20,128
23,20,129
23,20,130
23,20,131
23,21,125
23,21,126
23,21,127
23,21,128
23,21,129
23,21,130
23,21,131
23,22,125
23,22,126
23,22,127
23,22,128
23,22,129
23,22,130
23,22,131
23,23,125
23,23,126
23,23,127
23,23,128
23,23,129
23,23,130
23,23,131
23,24,125
23,24,126
23,24,127
23,24,128
23,24,129
23,24,130
23,24,131
23,25,125
23,25,126
23,25,127
23,25,128
23,25,129
23,25,130
23,25,131
23,26,125
23,26,126
23,26,127
23,26,128
23,26,129
23,26,130
23,26,131
24,0,132
24,1,132
24,1,133
24,2,132
24,2,133
24,2,134
24,3,132
24,3,133
24,3,134
24,3,135
24,4,132
24,4,133
24,4,134
24,4,135
24,4,136
24,5,132
24,5,133
24,5,134
24,5,135
24,5,136
24,5,137
24,6,132
24,6,133
24,6,134
24,6,135
24,6,136
24,6,137
24,7,132
24,7,133
24,7,134
24,7,135
24,7,136
24,7,137
24,8,132
24,8,133
24,8,134
24,8,135
24,8,136
24,8,137
24,9,132
24,9,133
24,9,134
24,9,135
24,9,136
24,9,137
24,10,132
24,10,133
24,10,134
24,10,135
24,10,136
24,10,137
24,11,132
24,11,133
24,11,134
24,11,135
24,11,136
24,11,137
24,12,132
24,12,133
24,12,134
24,12,135
24,12,136
24,12,137
24,13,132
24,13,133
24,13,134
24,13,135
24,13,136
24,13,137
24,14,132
24,14,133
24,14,134
24,14,135
24,14,136
24,14,137
24,15,132
24,15,133
24,15,134
24,15,135
24,15,136
24,15,137
24,16,132
24,16,133
24,16,134
24,16,135
24,16,136
24,16,137
24,17,132
24,17,133
24,17,134
24,17,135
24,17,136
24,17,137
24,18,132
24,18,133
24,18,134
24,18,135
24,18,136
24,18,137
24,19,132
24,19,133
24,19,134
24,19,135
24,19,136
24,19,137
24,20,132
24,20,133
24,20,134
24,20,135
24,20,136
24,20,137
24,21,132
24,21,133
24,21,134
24,21,135
24,21,136
24,21,137
24,22,132
24,22,133
24,22,134
24,22,135
24,22,136
24,22,137
24,23,132
24,23,133
24,23,134
24,23,135
24,23,136
24,23,137
24,24,132
24,24,133
24,24,134
24,24,135
24,24,136
24,24,137
24,25,132
24,25,133
24,25,134
24,25,135
24,25,136
24,25,137
24,26,132
24,26,133
24,26,134
24,26,135
24,26,136
24,26,137
24,27,132
24,27,133
24,27,134
24,27,135
24,27,136
24,27,137
24,28,132
24,28,133
24,28,134
24,28,135
24,28,136
24,28,137
24,29,132
24,29,133
24,29,134
24,29,135
24,29,136
24,29,137
25,0,138
25,1,138
25,1,139
25,2,138
25,2,139
25,2,140
25,3,138
25,3,139
25,3,140
25,3,141
25,4,138
25,4,139
25,4,140
25,4,141
25,4,142
25,5,138
25,5,139
25,5,140
25,5,141
25,5,142
25,5,143
25,6,138
25,6,139
25,6,140
25,6,141
25,6,142
25,6,143
25,7,138
25,7,139
25,7,140
25,7,141
25,7,142
25,7,143
25,8,138
25,8,139
25,8,140
25,8,141
25,8,142
25,8,143
25,9,138
25,9,139
25,9,140
25,9,141
25,9,142
25,9,143
25,10,138
25,10,139
25,10,140
25,10,141
25,10,142
25,10,143
25,11,138
25,11,139
25,11,140
25,11,141
25,11,142
25,11,143
25,12,138
25,12,139
25,12,140
25,12,141
25,12,142
25,12,143
25,13,138
25,13,139
25,13,140
25,13,141
25,13,142
25,13,143
25,14,138
25,14,139
25,14,140
25,14,141
25,14,142
25,14,143
25,15,138
25,15,139
25,15,140
25,15,141
25,15,142
25,15,143
25,16,138
25,16,139
25,16,140
25,16,141
25,16,142
25,16,143
25,17,138
25,17,139
25,17,140
25,17,141
25,17,142
25,17,143
25,18,138
25,18,139
25,18,140
25,18,141
25,18,142
25,18,143
25,19,138
25,19,139
25,19,140
25,19,141
25,19,142
25,19,143
25,20,138
25,20,139
25,20,140
25,20,141
25,20,142
25,20,143
25,21,138
25,21,139
25,21,140
25,21,141
25,21,142
25,21,143
25,22,138
25,22,139
25,22,140
25,22,141
25,22,142
25,22,143
25,23,138
25,23,139
25,23,140
25,23,141
25,23,142
25,23,143
25,24,138
25,24,139
25,24,140
25,24,141
25,24,142
25,24,143
25,25,138
25,25,139
25,25,140
25,25,141
25,25,142
25,25,143
25,26,138
25,26,139
25,26,140
25,26,141
25,26,142
25,26,143
25,27,138
25,27,139
25,27,140
25,27,141
25,27,142
25,27,143
26,0,144
26,1,144
26,1,145
26,2,144
26,2,145
26,2,146
26,3,144
26,3,145
26,3,146
26,3,147
26,4,144
26,4,145
26,4,146
26,4,147
26,4,148
26,5,144
26,5,145
26,5,146
26,5,147
26,5,148
26,5,149
26,6,144
26,6,145
26,6,146
26,6,147
26,6,148
26,6,149
26,6,150
26,7,144
26,7,145
26,7,146
26,7,147
26,7,148
26,7,149
26,7,150
26,7,151
26,8,144
26,8,145
26,8,146
26,8,147
26,8,148
26,8,149
26,8,150
26,8,151
26,8,152
26,9,144
26,9,145
26,9,146
26,9,147
26,9,148
26,9,149
26,9,150
26,9,151
26,9,152
26,10,144
26,10,145
26,10,146
26,10,147
26,10,148
26,10,149
26,10,150
26,10,151
26,10,152
26,11,144
26,11,145
26,11,146
26,11,147
26,11,148
26,11,149
26,11,150
26,11,151
26,11,152
26,12,144
26,12,145
26,12,146
26,12,147
26,12,148
26,12,149
26,12,150
26,12,151
26,12,152
26,13,144
26,13,145
26,13,146
26,13,147
26,13,148
26,13,149
26,13,150
26,13,151
26,13,152
26,14,144
26,14,145
26,14,146
26,14,147
26,14,148
26,14,149
26,14,150
26,14,151
26,14,152
26,15,144
26,15,145
26,15,146
26,15,147
26,15,148
26,15,149
26,15,150
26,15,151
26,15,152
26,16,144
26,16,145
26,16,146
26,16,147
26,16,148
26,16,149
26,16,150
26,16,151
26,16,152
26,17,144
26,17,145
26,17,146
26,17,147
26,17,148
26,17,149
26,17,150
26,17,151
26,17,152
26,18,144
26,18,145
26,18,146
26,18,147
26,18,148
26,18,149
26,18,150
26,18,151
26,18,152
26,19,144
26,19,145
26,19,146
26,19,147
26,19,148
26,19,149
26,19,150
26,19,151
26,19,152
26,20,144
26,20,145
26,20,146
26,20,147
26,20,148
26,20,149
26,20,150
26,20,151
26,20,152
26,21,144
26,21,145
26,21,146
26,21,147
26,21,148
26,21,149
26,21,150
26,21,151
26,21,152
26,22,144
26,22,145
26,22,146
26,22,147
26,22,148
26,22,149
26,22,150
26,22,151
26,22,152
26,23,144
26,23,145
26,23,146
26,23,147
26,23,148
26,23,149
26,23,150
26,23,151
26,23,152
26,24,144
26,24,145
26,24,146
26,24,147
26,24,148
26,24,149
26,24,150
26,24,151
26,24,152
26,25,144
26,25,145
26,25,146
26,25,147
26,25,148
26,25,149
26,25,150
26,25,151
26,25,152
26,26,144
26,26,145
26,26,146
26,26,147
26,26,148
26,26,149
26,26,150
26,26,151
26,26,152
26,27,144
26,27,145
26,27,146
26,27,147
26,27,148
26,27,149
26,27,150
26,27,151
26,27,152
27,0,153
27,1,153
27,1,154
27,2,153
27,2,154
27,2,155
27,3,153
27,3,154
27,3,155
27,3,156
27,4,153
27,4,154
27,4,155
27,4,156
27,4,157
27,5,153
27,5,154
27,5,155
27,5,156
27,5,157
27,5,158
27,6,153
27,6,154
27,6,155
27,6,156
27,6,157
27,6,158
27,6,159
27,7,153
27,7,154
27,7,155
27,7,156
27,7,157
27,7,158
27,7,159
27,7,160
27,8,153
27,8,154
27,8,155
27,8,156
27,8,157
27,8,158
27,8,159
27,8,160
27,8,161
27,9,153
27,9,154
27,9,155
27,9,156
27,9,157
27,9,158
27,9,159
27,9,160
27,9,161
27,10,153
27,10,154
27,10,155
27,10,156
27,10,157
27,10,158
27,10,159
27,10,160
27,10,161
27,11,153
27,11,154
27,11,155
27,11,156
27,11,157
27,11,158
27,11,159
27,11,160
27,11,161
27,12,153
27,12,154
27,12,155
27,12,156
27,12,157
27,12,158
27,12,159
27,12,160
27,12,161
27,13,153
27,13,154
27,13,155
27,13,156
27,13,157
27,13,158
27,13,159
27,13,160
27,13,161
27,14,153
27,14,154
27,14,155
27,14,156
27,14,157
27,14,158
27,14,159
27,14,160
27,14,161
27,15,153
27,15,154
27,15,155
27,15,156
27,15,157
27,15,158
27,15,159
27,15,160
27,15,161
27,16,153
27,16,154
27,16,155
27,16,156
27,16,157
27,16,158
27,16,159
27,16,160
27,16,161
27,17,153
27,17,154
27,17,155
27,17,156
27,17,157
27,17,158
27,17,159
27,17,160
27,17,161
27,18,153
27,18,154
27,18,155
27,18,156
27,18,157
27,18,158
27,18,159
27,18,160
27,18,161
27,19,153
27,19,154
27,19,155
27,19,156
27,19,157
27,19,158
27,19,159
27,19,160
27,19,161
27,20,153
27,20,154
27,20,155
27,20,156
27,20,157
27,20,158
27,20,159
27,20,160
27,20,161
27,21,153
27,21,154
27,21,155
27,21,156
27,21,157
27,21,158
27,21,159
27,21,160
27,21,161
27,22,153
27,22,154
27,22,155
27,22,156
27,22,157
27,22,158
27,22,159
27,22,160
27,22,161
27,23,153
27,23,154
27,23,155
27,23,156
27,23,157
27,23,158
27,23,159
27,23,160
27,23,161
27,24,153
27,24,154
27,24,155
27,24,156
27,24,157
27,24,158
27,24,159
27,24,160
27,24,161
27,25,153
27,25,154
27,25,155
27,25,156
27,25,157
27,25,158
27,25,159
27,25,160
27,25,161
27,26,153
27,26,154
27,26,155
27,26,156
27,26,157
27,26,158
27,26,159
27,26,160
27,26,161
27,27,153
27,27,154
27,27,155
27,27,156
27,27,157
27,27,158
27,27,159
27,27,160
27,27,161
27,28,153
27,28,154
27,28,155
27,28,156
27,28,157
27,28,158
27,28,159
27,28,160
27,28,161
28,0,162
28,1,162
28,2,162
28,3,162
28,4,162
28,5,162
28,6,162
28,7,162
28,8,162
28,9,162
28,10,162
28,11,162
28,12,162
28,13,162
28,14,162
28,15,162
28,16,162
28,17,162
28,18,162
28,19,162
29,0,163
29,1,163
29,1,164
29,2,163
29,2,164
29,2,165
29,3,163
29,3,164
29,3,165
29,4,163
29,4,164
29,4,165
29,5,163
29,5,164
29,5,165
29,6,163
29,6,164
29,6,165
29,7,163
29,7,164
29,7,165
29,8,163
29,8,164
29,8,165
29,9,163
29,9,164
29,9,165
29,10,163
29,10,164
29,10,165
29,11,163
29,11,164
29,11,165
29,12,163
29,12,164
29,12,165
29,13,163
29,13,164
29,13,165
29,14,163
29,14,164
29,14,165
29,15,163
29,15,164
29,15,165
29,16,163
29,16,164
29,16,165
29,17,163
29,17,164
29,17,165
29,18,163
29,18,164
29,18,165
29,19,163
29,19,164
29,19,165
29,20,163
29,20,164
29,20,165
30,0,166
30,1,166
30,1,167
30,2,166
30,2,167
30,2,168
30,3,166
30,3,167
30,3,168
30,4,166
30,4,167
30,4,168
30,5,166
30,5,167
30,5,168
30,6,166
30,6,167
30,6,168
30,7,166
30,7,167
30,7,168
30,8,166
30,8,167
30,8,168
30,9,166
30,9,167
30,9,168
30,10,166
30,10,167
30,10,168
30,11,166
30,11,167
30,11,168
30,12,166
30,12,167
30,12,168
30,13,166
30,13,167
30,13,168
30,14,166
30,14,167
30,14,168
30,15,166
30,15,167
30,15,168
30,16,166
30,16,167
30,16,168
30,17,166
30,17,167
30,17,168
30,18,166
30,18,167
30,18,168
30,19,166
30,19,167
30,19,168
30,20,166
30,20,167
30,20,168
30,21,166
30,21,167
30,21,168
30,22,166
30,22,167
30,22,168
30,23,166
30,23,167
30,23,168
30,24,166
30,24,167
30,24,168
30,25,166
30,25,167
30,25,168
31,0,169
31,1,169
31,1,170
31,2,169
31,2,170
31,2,171
31,3,169
31,3,170
31,3,171
31,4,169
31,4,170
31,4,171
31,5,169
31,5,170
31,5,171
31,6,169
31,6,170
31,6,171
31,7,169
31,7,170
31,7,171
31,8,169
31,8,170
31,8,171
31,9,169
31,9,170
31,9,171
31,10,169
31,10,170
31,10,171
31,11,169
31,11,170
31,11,171
31,12,169
31,12,170
31,12,171
31,13,169
31,13,170
31,13,171
31,14,169
31,14,170
31,14,171
31,15,169
31,15,170
31,15,171
31,16,169
31,16,170
31,16,171
31,17,169
31,17,170
31,17,171
31,18,169
31,18,170
31,18,171
31,19,169
31,19,170
31,19,171
31,20,169
31,20,170
31,20,171
31,21,169
31,21,170
31,21,171
31,22,169
31,22,170
31,22,171
31,23,169
31,23,170
31,23,171
31,24,169
31,24,170
31,24,171
32,0,172
32,1,172
32,1,173
32,2,172
32,2,173
32,2,174
32,3,172
32,3,173
32,3,174
32,3,175
32,4,172
32,4,173
32,4,174
32,4,175
32,4,176
32,5,172
32,5,173
32,5,174
32,5,175
32,5,176
32,5,177
32,6,172
32,6,173
32,6,174
32,6,175
32,6,176
32,6,177
32,7,172
32,7,173
32,7,174
32,7,175
32,7,176
32,7,177
32,8,172
32,8,173
32,8,174
32,8,175
32,8,176
32,8,177
32,9,172
32,9,173
32,9,174
32,9,175
32,9,176
32,9,177
32,10,172
32,10,173
32,10,174
32,10,175
32,10,176
32,10,177
32,11,172
32,11,173
32,11,174
32,11,175
32,11,176
32,11,177
32,12,172
32,12,173
32,12,174
32,12,175
32,12,176
32,12,177
32,13,172
32,13,173
32,13,174
32,13,175
32,13,176
32,13,177
32,14,172
32,14,173
32,14,174
32,14,175
32,14,176
32,14,177
32,15,172
32,15,173
32,15,174
32,15,175
32,15,176
32,15,177
32,16,172
32,16,173
32,16,174
32,16,175
32,16,176
32,16,177
32,17,172
32,17,173
32,17,174
32,17,175
32,17,176
32,17,177
32,18,172
32,18,173
32,18,174
32,18,175
32,18,176
32,18,177
32,19,172
32,19,173
32,19,174
32,19,175
32,19,176
32,19,177
32,20,172
32,20,173
32,20,174
32,20,175
32,20,176
32,20,177
32,21,172
32,21,173
32,21,174
32,21,175
32,21,176
32,21,177
32,22,172
32,22,173
32,22,174
32,22,175
32,22,176
32,22,177
32,23,172
32,23,173
32,23,174
32,23,175
32,23,176
32,23,177
32,24,172
32,24,173
32,24,174
32,24,175
32,24,176
32,24,177
33,0,178
33,1,178
33,1,179
33,2,178
33,2,179
33,2,180
33,3,178
33,3,179
33,3,180
33,3,181
33,4,178
33,4,179
33,4,180
33,4,181
33,4,182
33,5,178
33,5,179
33,5,180
33,5,181
33,5,182
33,5,183
33,6,178
33,6,179
33,6,180
33,6,181
33,6,182
33,6,183
33,7,178
33,7,179
33,7,180
33,7,181
33,7,182
33,7,183
33,8,178
33,8,179
33,8,180
33,8,181
33,8,182
33,8,183
33,9,178
33,9,179
33,9,180
33,9,181
33,9,182
33,9,183
33,10,178
33,10,179
33,10,180
33,10,181
33,10,182
33,10,183
33,11,178
33,11,179
33,11,180
33,11,181
33,11,182
33,11,183
33,12,178
33,12,179
33,12,180
33,12,181
33,12,182
33,12,183
33,13,178
33,13,179
33,13,180
33,13,181
33,13,182
33,13,183
33,14,178
33,14,179
33,14,180
33,14,181
33,14,182
33,14,183
33,15,178
33,15,179
33,15,180
33,15,181
33,15,182
33,15,183
33,16,178
33,16,179
33,16,180
33,16,181
33,16,182
33,16,183
33,17,178
33,17,179
33,17,180
33,17,181
33,17,182
33,17,183
33,18,178
33,18,179
33,18,180
33,18,181
33,18,182
33,18,183
33,19,178
33,19,179
33,19,180
33,19,181
33,19,182
33,19,183
33,20,178
33,20,179
33,20,180
33,20,181
33,20,182
33,20,183
33,21,178
33,21,179
33,21,180
33,21,181
33,21,182
33,21,183
33,22,178
33,22,179
33,22,180
33,22,181
33,22,182
33,22,183
33,23,178
33,23,179
33,23,180
33,23,181
33,23,182
33,23,183
33,24,178
33,24,179
33,24,180
33,24,181
33,24,182
33,24,183
33,25,178
33,25,179
33,25,180
33,25,181
33,25,182
33,25,183
33,26,178
33,26,179
33,26,180
33,26,181
33,26,182
33,26,183
33,27,178
33,27,179
33,27,180
33,27,181
33,27,182
33,27,183
33,28,178
33,28,179
33,28,180
33,28,181
33,28,182
33,28,183
33,29,178
33,29,179
33,29,180
33,29,181
33,29,182
33,29,183
34,0,184
34,1,184
34,1,185
34,2,184
34,2,185
34,2,186
34,3,184
34,3,185
34,3,186
34,3,187
34,4,184
34,4,185
34,4,186
34,4,187
34,4,188
34,5,184
34,5,185
34,5,186
34,5,187
34,5,188
34,5,189
34,6,184
34,6,185
34,6,186
34,6,187
34,6,188
34,6,189
34,6,190
34,7,184
34,7,185
34,7,186
34,7,187
34,7,188
34,7,189
34,7,190
34,7,191
34,8,184
34,8,185
34,8,186
34,8,187
34,8,188
34,8,189
34,8,190
34,8,191
34,8,192
34,9,184
34,9,185
34,9,186
34,9,187
34,9,188
34,9,189
34,9,190
34,9,191
34,9,192
34,10,184
34,10,185
34,10,186
34,10,187
34,10,188
34,10,189
34,10,190
34,10,191
34,10,192
34,11,184
34,11,185
34,11,186
34,11,187
34,11,188
34,11,189
34,11,190
34,11,191
34,11,192
34,12,184
34,12,185
34,12,186
34,12,187
34,12,188
34,12,189
34,12,190
34,12,191
34,12,192
34,13,184
34,13,185
34,13,186
34,13,187
34,13,188
34,13,189
34,13,190
34,13,191
34,13,192
34,14,184
34,14,185
34,14,186
34,14,187
34,14,188
34,14,189
34,14,190
34,14,191
34,14,192
34,15,184
34,15,185
34,15,186
34,15,187
34,15,188
34,15,189
34,15,190
34,15,191
34,15,192
34,16,184
34,16,185
34,16,186
34,16,187
34,16,188
34,16,189
34,16,190
34,16,191
34,16,192
34,17,184
34,17,185
34,17,186
34,17,187
34,17,188
34,17,189
34,17,190
34,17,191
34,17,192
34,18,184
34,18,185
34,18,186
34,18,187
34,18,188
34,18,189
34,18,190
34,18,191
34,18,192
34,19,184
34,19,185
34,19,186
34,19,187
34,19,188
34,19,189
34,19,190
34,19,191
34,19,192
34,20,184
34,20,185
34,20,186
34,20,187
34,20,188
34,20,189
34,20,190
34,20,191
34,20,192
34,21,184
34,21,185
34,21,186
34,21,187
34,21,188
34,21,189
34,21,190
34,21,191
34,21,192
34,22,184
34,22,185
34,22,186
34,22,187
34,22,188
34,22,189
34,22,190
34,22,191
34,22,192
34,23,184
34,23,185
34,23,186
34,23,187
34,23,188
34,23,189
34,23,190
34,23,191
34,23,192
34,24,184
34,24,185
34,24,186
34,24,187
34,24,188
34,24,189
34,24,190
34,24,191
34,24,192
34,25,184
34,25,185
34,25,186
34,25,187
34,25,188
34,25,189
34,25,190
34,25,191
34,25,192
34,26,184
34,26,185
34,26,186
34,26,187
34,26,188
34,26,189
34,26,190
34,26,191
34,26,192
34,27,184
34,27,185
34,27,186
34,27,187
34,27,188
34,27,189
34,27,190
34,27,191
34,27,192
35,0,193
35,1,193
35,1,194
35,2,193
35,2,194
35,2,195
35,3,193
35,3,194
35,3,195
35,3,196
35,4,193
35,4,194
35,4,195
35,4,196
35,5,193
35,5,194
35,5,195
35,5,196
35,6,193
35,6,194
35,6,195
35,6,196
35,7,193
35,7,194
35,7,195
35,7,196
35,8,193
35,8,194
35,8,195
35,8,196
35,9,193
35,9,194
35,9,195
35,9,196
35,10,193
35,10,194
35,10,195
35,10,196
35,11,193
35,11,194
35,11,195
35,11,196
35,12,193
35,12,194
35,12,195
35,12,196
35,13,193
35,13,194
35,13,195
35,13,196
35,14,193
35,14,194
35,14,195
35,14,196
35,15,193
35,15,194
35,15,195
35,15,196
35,16,193
35,16,194
35,16,195
35,16,196
35,17,193
35,17,194
35,17,195
35,17,196
35,18,193
35,18,194
35,18,195
35,18,196
35,19,193
35,19,194
35,19,195
35,19,196
35,20,193
35,20,194
35,20,195
35,20,196
35,21,193
35,21,194
35,21,195
35,21,196
36,0,197
36,1,197
36,1,198
36,2,197
36,2,198
36,2,199
36,3,197
36,3,198
36,3,199
36,3,200
36,4,197
36,4,198
36,4,199
36,4,200
36,4,201
36,5,197
36,5,198
36,5,199
36,5,200
36,5,201
36,5,202
36,6,197
36,6,198
36,6,199
36,6,200
36,6,201
36,6,202
36,7,197
36,7,198
36,7,199
36,7,200
36,7,201
36,7,202
36,8,197
36,8,198
36,8,199
36,8,200
36,8,201
36,8,202
36,9,197
36,9,198
36,9,199
36,9,200
36,9,201
36,9,202
36,10,197
36,10,198
36,10,199
36,10,200
36,10,201
36,10,202
36,11,197
36,11,198
36,11,199
36,11,200
36,11,201
36,11,202
36,12,197
36,12,198
36,12,199
36,12,200
36,12,201
36,12,202
36,13,197
36,13,198
36,13,199
36,13,200
36,13,201
36,13,202
36,14,197
36,14,198
36,14,199
36,14,200
36,14,201
36,14,202
36,15,197
36,15,198
36,15,199
36,15,200
36,15,201
36,15,202
36,16,197
36,16,198
36,16,199
36,16,200
36,16,201
36,16,202
36,17,197
36,17,198
36,17,199
36,17,200
36,17,201
36,17,202
36,18,197
36,18,198
36,18,199
36,18,200
36,18,201
36,18,202
36,19,197
36,19,198
36,19,199
36,19,200
36,19,201
36,19,202
36,20,197
36,20,198
36,20,199
36,20,200
36,20,201
36,20,202
36,21,197
36,21,198
36,21,199
36,21,200
36,21,201
36,21,202
36,22,197
36,22,198
36,22,199
36,22,200
36,22,201
36,22,202
36,23,197
36,23,198
36,23,199
36,23,200
36,23,201
36,23,202
36,24,197
36,24,198
36,24,199
36,24,200
36,24,201
36,24,202
36,25,197
36,25,198
36,25,199
36,25,200
36,25,201
36,25,202
37,0,203
37,1,203
37,1,204
37,2,203
37,2,204
37,2,205
37,3,203
37,3,204
37,3,205
37,3,206
37,4,203
37,4,204
37,4,205
37,4,206
37,4,207
37,5,203
37,5,204
37,5,205
37,5,206
37,5,207
37,5,208
37,6,203
37,6,204
37,6,205
37,6,206
37,6,207
37,6,208
37,7,203
37,7,204
37,7,205
37,7,206
37,7,207
37,7,208
37,8,203
37,8,204
37,8,205
37,8,206
37,8,207
37,8,208
37,9,203
37,9,204
37,9,205
37,9,206
37,9,207
37,9,208
37,10,203
37,10,204
37,10,205
37,10,206
37,10,207
37,10,208
37,11,203
37,11,204
37,11,205
37,11,206
37,11,207
37,11,208
37,12,203
37,12,204
37,12,205
37,12,206
37,12,207
37,12,208
37,13,203
37,13,204
37,13,205
37,13,206
37,13,207
37,13,208
37,14,203
37,14,204
37,14,205
37,14,206
37,14,207
37,14,208
37,15,203
37,15,204
37,15,205
37,15,206
37,15,207
37,15,208
37,16,203
37,16,204
37,16,205
37,16,206
37,16,207
37,16,208
37,17,203
37,17,204
37,17,205
37,17,206
37,17,207
37,17,208
37,18,203
37,18,204
37,18,205
37,18,206
37,18,207
37,18,208
37,19,203
37,19,204
37,19,205
37,19,206
37,19,207
37,19,208
37,20,203
37,20,204
37,20,205
37,20,206
37,20,207
37,20,208
37,21,203
37,21,204
37,21,205
37,21,206
37,21,207
37,21,208
37,22,203
37,22,204
37,22,205
37,22,206
37,22,207
37,22,208
38,0,209
38,1,209
38,1,210
38,2,209
38,2,210
38,2,211
38,3,209
38,3,210
38,3,211
38,3,212
38,4,209
38,4,210
38,4,211
38,4,212
38,5,209
38,5,210
38,5,211
38,5,212
38,6,209
38,6,210
38,6,211
38,6,212
38,7,209
38,7,210
38,7,211
38,7,212
38,8,209
38,8,210
38,8,211
38,8,212
38,9,209
38,9,210
38,9,211
38,9,212
38,10,209
38,10,210
38,10,211
38,10,212
38,11,209
38,11,210
38,11,211
38,11,212
38,12,209
38,12,210
38,12,211
38,12,212
38,13,209
38,13,210
38,13,211
38,13,212
38,14,209
38,14,210
38,14,211
38,14,212
38,15,209
38,15,210
38,15,211
38,15,212
38,16,209
38,16,210
38,16,211
38,16,212
38,17,209
38,17,210
38,17,211
38,17,212
38,18,209
38,18,210
38,18,211
38,18,212
38,19,209
38,19,210
38,19,211
38,19,212
39,0,213
39,1,213
39,1,214
39,2,213
39,2,214
39,2,215
39,3,213
39,3,214
39,3,215
39,3,216
39,4,213
39,4,214
39,4,215
39,4,216
39,4,217
39,5,213
39,5,214
39,5,215
39,5,216
39,5,217
39,6,213
39,6,214
39,6,215
39,6,216
39,6,217
39,7,213
39,7,214
39,7,215
39,7,216
39,7,217
39,8,213
39,8,214
39,8,215
39,8,216
39,8,217
39,9,213
39,9,214
39,9,215
39,9,216
39,9,217
39,10,213
39,10,214
39,10,215
39,10,216
39,10,217
39,11,213
39,11,214
39,11,215
39,11,216
39,11,217
39,12,213
39,12,214
39,12,215
39,12,216
39,12,217
39,13,213
39,13,214
39,13,215
39,13,216
39,13,217
39,14,213
39,14,214
39,14,215
39,14,216
39,14,217
39,15,213
39,15,214
39,15,215
39,15,216
39,15,217
39,16,213
39,16,214
39,16,215
39,16,216
39,16,217
39,17,213
39,17,214
39,17,215
39,17,216
39,17,217
39,18,213
39,18,214
39,18,215
39,18,216
39,18,217
39,19,213
39,19,214
39,19,215
39,19,216
39,19,217
39,20,213
39,20,214
39,20,215
39,20,216
39,20,217
39,21,213
39,21,214
39,21,215
39,21,216
39,21,217
40,0,218
40,1,218
40,1,219
40,2,218
40,2,219
40,2,220
40,3,218
40,3,219
40,3,220
40,3,221
40,4,218
40,4,219
40,4,220
40,4,221
40,4,222
40,5,218
40,5,219
40,5,220
40,5,221
40,5,222
40,5,223
40,6,218
40,6,219
40,6,220
40,6,221
40,6,222
40,6,223
40,7,218
40,7,219
40,7,220
40,7,221
40,7,222
40,7,223
40,8,218
40,8,219
40,8,220
40,8,221
40,8,222
40,8,223
40,9,218
40,9,219
40,9,220
40,9,221
40,9,222
40,9,223
40,10,218
40,10,219
40,10,220
40,10,221
40,10,222
40,10,223
40,11,218
40,11,219
40,11,220
40,11,221
40,11,222
40,11,223
40,12,218
40,12,219
40,12,220
40,12,221
40,12,222
40,12,223
40,13,218
40,13,219
40,13,220
40,13,221
40,13,222
40,13,223
40,14,218
40,14,219
40,14,220
40,14,221
40,14,222
40,14,223
40,15,218
40,15,219
40,15,220
40,15,221
40,15,222
40,15,223
40,16,218
40,16,219
40,16,220
40,16,221
40,16,222
40,16,223
40,17,218
40,17,219
40,17,220
40,17,221
40,17,222
40,17,223
40,18,218
40,18,219
40,18,220
40,18,221
40,18,222
40,18,223
40,19,218
40,19,219
40,19,220
40,19,221
40,19,222
40,19,223
41,0,224
41,1,224
41,1,225
41,2,224
41,2,225
41,2,226
41,3,224
41,3,225
41,3,226
41,4,224
41,4,225
41,4,226
41,5,224
41,5,225
41,5,226
41,6,224
41,6,225
41,6,226
41,7,224
41,7,225
41,7,226
41,8,224
41,8,225
41,8,226
41,9,224
41,9,225
41,9,226
41,10,224
41,10,225
41,10,226
41,11,224
41,11,225
41,11,226
41,12,224
41,12,225
41,12,226
41,13,224
41,13,225
41,13,226
41,14,224
41,14,225
41,14,226
41,15,224
41,15,225
41,15,226
42,0,227
42,1,227
42,1,228
42,2,227
42,2,228
42,2,229
42,3,227
42,3,228
42,3,229
42,3,230
42,4,227
42,4,228
42,4,229
42,4,230
42,5,227
42,5,228
42,5,229
42,5,230
42,6,227
42,6,228
42,6,229
42,6,230
42,7,227
42,7,228
42,7,229
42,7,230
42,8,227
42,8,228
42,8,229
42,8,230
42,9,227
42,9,228
42,9,229
42,9,230
42,10,227
42,10,228
42,10,229
42,10,230
42,11,227
42,11,228
42,11,229
42,11,230
42,12,227
42,12,228
42,12,229
42,12,230
42,13,227
42,13,228
42,13,229
42,13,230
42,14,227
42,14,228
42,14,229
42,14,230
42,15,227
42,15,228
42,15,229
42,15,230
42,16,227
42,16,228
42,16,229
42,16,230
42,17,227
42,17,228
42,17,229
42,17,230
42,18,227
42,18,228
42,18,229
42,18,230
42,19,227
42,19,228
42,19,229
42,19,230
42,20,227
42,20,228
42,20,229
42,20,230
42,21,227
42,21,228
42,21,229
42,21,230
42,22,227
42,22,228
42,22,229
42,22,230
43,0,231
43,1,231
43,1,232
43,2,231
43,2,232
43,2,233
43,3,231
43,3,232
43,3,233
43,3,234
43,4,231
43,4,232
43,4,233
43,4,234
43,4,235
43,5,231
43,5,232
43,5,233
43,5,234
43,5,235
43,6,231
43,6,232
43,6,233
43,6,234
43,6,235
43,7,231
43,7,232
43,7,233
43,7,234
43,7,235
43,8,231
43,8,232
43,8,233
43,8,234
43,8,235
43,9,231
43,9,232
43,9,233
43,9,234
43,9,235
43,10,231
43,10,232
43,10,233
43,10,234
43,10,235
43,11,231
43,11,232
43,11,233
43,11,234
43,11,235
43,12,231
43,12,232
43,12,233
43,12,234
43,12,235
43,13,231
43,13,232
43,13,233
43,13,234
43,13,235
43,14,231
43,14,232
43,14,233
43,14,234
43,14,235
43,15,231
43,15,232
43,15,233
43,15,234
43,15,235
43,16,231
43,16,232
43,16,233
43,16,234
43,16,235
43,17,231
43,17,232
43,17,233
43,17,234
43,17,235
43,18,231
43,18,232
43,18,233
43,18,234
43,18,235
43,19,231
43,19,232
43,19,233
43,19,234
43,19,235
43,20,231
43,20,232
43,20,233
43,20,234
43,20,235
43,21,231
43,21,232
43,21,233
43,21,234
43,21,235
44,0,236
44,1,236
44,1,237
44,2,236
44,2,237
44,2,238
44,3,236
44,3,237
44,3,238
44,3,239
44,4,236
44,4,237
44,4,238
44,4,239
44,4,240
44,5,236
44,5,237
44,5,238
44,5,239
44,5,240
44,6,236
44,6,237
44,6,238
44,6,239
44,6,240
44,7,236
44,7,237
44,7,238
44,7,239
44,7,240
44,8,236
44,8,237
44,8,238
44,8,239
44,8,240
44,9,236
44,9,237
44,9,238
44,9,239
44,9,240
44,10,236
44,10,237
44,10,238
44,10,239
44,10,240
44,11,236
44,11,237
44,11,238
44,11,239
44,11,240
44,12,236
44,12,237
44,12,238
44,12,239
44,12,240
44,13,236
44,13,237
44,13,238
44,13,239
44,13,240
44,14,236
44,14,237
44,14,238
44,14,239
44,14,240
44,15,236
44,15,237
44,15,238
44,15,239
44,15,240
44,16,236
44,16,237
44,16,238
44,16,239
44,16,240
44,17,236
44,17,237
44,17,238
44,17,239
44,17,240
44,18,236
44,18,237
44,18,238
44,18,239
44,18,240
44,19,236
44,19,237
44,19,238
44,19,239
44,19,240
45,0,241
45,1,241
45,1,242
45,2,241
45,2,242
45,2,243
45,3,241
45,3,242
45,3,243
45,3,244
45,4,241
45,4,242
45,4,243
45,4,244
45,5,241
45,5,242
45,5,243
45,5,244
45,6,241
45,6,242
45,6,243
45,6,244
45,7,241
45,7,242
45,7,243
45,7,244
45,8,241
45,8,242
45,8,243
45,8,244
45,9,241
45,9,242
45,9,243
45,9,244
45,10,241
45,10,242
45,10,243
45,10,244
45,11,241
45,11,242
45,11,243
45,11,244
45,12,241
45,12,242
45,12,243
45,12,244
45,13,241
45,13,242
45,13,243
45,13,244
45,14,241
45,14,242
45,14,243
45,14,244
45,15,241
45,15,242
45,15,243
45,15,244
45,16,241
45,16,242
45,16,243
45,16,244
45,17,241
45,17,242
45,17,243
45,17,244
45,18,241
45,18,242
45,18,243
45,18,244
45,19,241
45,19,242
45,19,243
45,19,244
45,20,241
45,20,242
45,20,243
45,20,244
46,0,245
46,1,245
46,1,246
46,2,245
46,2,246
46,2,247
46,3,245
46,3,246
46,3,247
46,3,248
46,4,245
46,4,246
46,4,247
46,4,248
46,4,249
46,5,245
46,5,246
46,5,247
46,5,248
46,5,249
46,5,250
46,6,245
46,6,246
46,6,247
46,6,248
46,6,249
46,6,250
46,6,251
46,7,245
46,7,246
46,7,247
46,7,248
46,7,249
46,7,250
46,7,251
46,7,252
46,8,245
46,8,246
46,8,247
46,8,248
46,8,249
46,8,250
46,8,251
46,8,252
46,8,253
46,9,245
46,9,246
46,9,247
46,9,248
46,9,249
46,9,250
46,9,251
46,9,252
46,9,253
46,10,245
46,10,246
46,10,247
46,10,248
46,10,249
46,10,250
46,10,251
46,10,252
46,10,253
46,11,245
46,11,246
46,11,247
46,11,248
46,11,249
46,11,250
46,11,251
46,11,252
46,11,253
46,12,245
46,12,246
46,12,247
46,12,248
46,12,249
46,12,250
46,12,251
46,12,252
46,12,253
46,13,245
46,13,246
46,13,247
46,13,248
46,13,249
46,13,250
46,13,251
46,13,252
46,13,253
46,14,245
46,14,246
46,14,247
46,14,248
46,14,249
46,14,250
46,14,251
46,14,252
46,14,253
46,15,245
46,15,246
46,15,247
46,15,248
46,15,249
46,15,250
46,15,251
46,15,252
46,15,253
46,16,245
46,16,246
46,16,247
46,16,248
46,16,249
46,16,250
46,16,251
46,16,252
46,16,253
46,17,245
46,17,246
46,17,247
46,17,248
46,17,249
46,17,250
46,17,251
46,17,252
46,17,253
46,18,245
46,18,246
46,18,247
46,18,248
46,18,249
46,18,250
46,18,251
46,18,252
46,18,253
46,19,245
46,19,246
46,19,247
46,19,248
46,19,249
46,19,250
46,19,251
46,19,252
46,19,253
46,20,245
46,20,246
46,20,247
46,20,248
46,20,249
46,20,250
46,20,251
46,20,252
46,20,253
46,21,245
46,21,246
46,21,247
46,21,248
46,21,249
46,21,250
46,21,251
46,21,252
46,21,253
47,0,254
47,1,254
47,1,255
47,2,254
47,2,255
47,3,254
47,3,255
47,4,254
47,4,255
47,5,254
47,5,255
47,6,254
47,6,255
47,7,254
47,7,255
47,8,254
47,8,255
47,9,254
47,9,255
47,10,254
47,10,255
47,11,254
47,11,255
47,12,254
47,12,255
47,13,254
47,13,255
48,0,256
48,1,256
48,1,257
48,2,256
48,2,257
48,2,258
48,3,256
48,3,257
48,3,258
48,3,259
48,4,256
48,4,257
48,4,258
48,4,259
48,5,256
48,5,257
48,5,258
48,5,259
48,6,256
48,6,257
48,6,258
48,6,259
48,7,256
48,7,257
48,7,258
48,7,259
48,8,256
48,8,257
48,8,258
48,8,259
48,9,256
48,9,257
48,9,258
48,9,259
48,10,256
48,10,257
48,10,258
48,10,259
48,11,256
48,11,257
48,11,258
48,11,259
48,12,256
48,12,257
48,12,258
48,12,259
48,13,256
48,13,257
48,13,258
48,13,259
48,14,256
48,14,257
48,14,258
48,14,259
48,15,256
48,15,257
48,15,258
48,15,259
48,16,256
48,16,257
48,16,258
48,16,259
48,17,256
48,17,257
48,17,258
48,17,259
48,18,256
48,18,257
48,18,258
48,18,259
48,19,256
48,19,257
48,19,258
48,19,259
48,20,256
48,20,257
48,20,258
48,20,259
48,21,256
48,21,257
48,21,258
48,21,259
49,0,260
49,1,260
49,1,261
49,2,260
49,2,261
49,2,262
49,3,260
49,3,261
49,3,262
49,3,263
49,4,260
49,4,261
49,4,262
49,4,263
49,5,260
49,5,261
49,5,262
49,5,263
49,6,260
49,6,261
49,6,262
49,6,263
49,7,260
49,7,261
49,7,262
49,7,263
49,8,260
49,8,261
49,8,262
49,8,263
49,9,260
49,9,261
49,9,262
49,9,263
49,10,260
49,10,261
49,10,262
49,10,263
49,11,260
49,11,261
49,11,262
49,11,263
49,12,260
49,12,261
49,12,262
49,12,263
49,13,260
49,13,261
49,13,262
49,13,263
49,14,260
49,14,261
49,14,262
49,14,263
49,15,260
49,15,261
49,15,262
49,15,263
49,16,260
49,16,261
49,16,262
49,16,263
49,17,260
49,17,261
49,17,262
49,17,263
49,18,260
49,18,261
49,18,262
49,18,263
49,19,260
49,19,261
49,19,262
49,19,263
49,20,260
49,20,261
49,20,262
49,20,263
50,0,264
50,1,264
50,2,264
50,3,264
50,4,264
50,5,264
50,6,264
50,7,264
50,8,264
50,9,264
50,10,264
50,11,264
50,12,264
50,13,264
50,14,264
50,15,264
50,16,264
51,0,265
51,1,265
51,1,266
51,2,265
51,2,266
51,2,267
51,3,265
51,3,266
51,3,267
51,3,268
51,4,265
51,4,266
51,4,267
51,4,268
51,4,269
51,5,265
51,5,266
51,5,267
51,5,268
51,5,269
51,5,270
51,6,265
51,6,266
51,6,267
51,6,268
51,6,269
51,6,270
51,6,271
51,7,265
51,7,266
51,7,267
51,7,268
51,7,269
51,7,270
51,7,271
51,8,265
51,8,266
51,8,267
51,8,268
51,8,269
51,8,270
51,8,271
51,9,265
51,9,266
51,9,267
51,9,268
51,9,269
51,9,270
51,9,271
51,10,265
51,10,266
51,10,267
51,10,268
51,10,269
51,10,270
51,10,271
51,11,265
51,11,266
51,11,267
51,11,268
51,11,269
51,11,270
51,11,271
51,12,265
51,12,266
51,12,267
51,12,268
51,12,269
51,12,270
51,12,271
51,13,265
51,13,266
51,13,267
51,13,268
51,13,269
51,13,270
51,13,271
51,14,265
51,14,266
51,14,267
51,14,268
51,14,269
51,14,270
51,14,271
51,15,265
51,15,266
51,15,267
51,15,268
51,15,269
51,15,270
51,15,271
51,16,265
51,16,266
51,16,267
51,16,268
51,16,269
51,16,270
51,16,271
51,17,265
51,17,266
51,17,267
51,17,268
51,17,269
51,17,270
51,17,271
51,18,265
51,18,266
51,18,267
51,18,268
51,18,269
51,18,270
51,18,271
51,19,265
51,19,266
51,19,267
51,19,268
51,19,269
51,19,270
51,19,271
51,20,265
51,20,266
51,20,267
51,20,268
51,20,269
51,20,270
51,20,271
51,21,265
51,21,266
51,21,267
51,21,268
51,21,269
51,21,270
51,21,271
51,22,265
51,22,266
51,22,267
51,22,268
51,22,269
51,22,270
51,22,271
51,23,265
51,23,266
51,23,267
51,23,268
51,23,269
51,23,270
51,23,271
52,0,272
52,1,272
52,1,273
52,2,272
52,2,273
52,2,274
52,3,272
52,3,273
52,3,274
52,3,275
52,4,272
52,4,273
52,4,274
52,4,275
52,4,276
52,5,272
52,5,273
52,5,274
52,5,275
52,5,276
52,5,277
52,6,272
52,6,273
52,6,274
52,6,275
52,6,276
52,6,277
52,6,278
52,7,272
52,7,273
52,7,274
52,7,275
52,7,276
52,7,277
52,7,278
52,7,279
52,8,272
52,8,273
52,8,274
52,8,275
52,8,276
52,8,277
52,8,278
52,8,279
52,8,280
52,9,272
52,9,273
52,9,274
52,9,275
52,9,276
52,9,277
52,9,278
52,9,279
52,9,280
52,10,272
52,10,273
52,10,274
52,10,275
52,10,276
52,10,277
52,10,278
52,10,279
52,10,280
52,11,272
52,11,273
52,11,274
52,11,275
52,11,276
52,11,277
52,11,278
52,11,279
52,11,280
52,12,272
52,12,273
52,12,274
52,12,275
52,12,276
52,12,277
52,12,278
52,12,279
52,12,280
52,13,272
52,13,273
52,13,274
52,13,275
52,13,276
52,13,277
52,13,278
52,13,279
52,13,280
52,14,272
52,14,273
52,14,274
52,14,275
52,14,276
52,14,277
52,14,278
52,14,279
52,14,280
52,15,272
52,15,273
52,15,274
52,15,275
52,15,276
52,15,277
52,15,278
52,15,279
52,15,280
52,16,272
52,16,273
52,16,274
52,16,275
52,16,276
52,16,277
52,16,278
52,16,279
52,16,280
52,17,272
52,17,273
52,17,274
52,17,275
52,17,276
52,17,277
52,17,278
52,17,279
52,17,280
52,18,272
52,18,273
52,18,274
52,18,275
52,18,276
52,18,277
52,18,278
52,18,279
52,18,280
52,19,272
52,19,273
52,19,274
52,19,275
52,19,276
52,19,277
52,19,278
52,19,279
52,19,280
52,20,272
52,20,273
52,20,274
52,20,275
52,20,276
52,20,277
52,20,278
52,20,279
52,20,280
52,21,272
52,21,273
52,21,274
52,21,275
52,21,276
52,21,277
52,21,278
52,21,279
52,21,280
53,0,281
53,1,281
53,1,282
53,2,281
53,2,282
53,2,283
53,3,281
53,3,282
53,3,283
53,3,284
53,4,281
53,4,282
53,4,283
53,4,284
53,5,281
53,5,282
53,5,283
53,5,284
53,6,281
53,6,282
53,6,283
53,6,284
53,7,281
53,7,282
53,7,283
53,7,284
53,8,281
53,8,282
53,8,283
53,8,284
53,9,281
53,9,282
53,9,283
53,9,284
53,10,281
53,10,282
53,10,283
53,10,284
53,11,281
53,11,282
53,11,283
53,11,284
53,12,281
53,12,282
53,12,283
53,12,284
53,13,281
53,13,282
53,13,283
53,13,284
53,14,281
53,14,282
53,14,283
53,14,284
53,15,281
53,15,282
53,15,283
53,15,284
54,0,285
54,1,285
54,1,286
54,2,285
54,2,286
54,2,287
54,3,285
54,3,286
54,3,287
54,3,288
54,4,285
54,4,286
54,4,287
54,4,288
54,4,289
54,5,285
54,5,286
54,5,287
54,5,288
54,5,289
54,6,285
54,6,286
54,6,287
54,6,288
54,6,289
54,7,285
54,7,286
54,7,287
54,7,288
54,7,289
54,8,285
54,8,286
54,8,287
54,8,288
54,8,289
54,9,285
54,9,286
54,9,287
54,9,288
54,9,289
54,10,285
54,10,286
54,10,287
54,10,288
54,10,289
54,11,285
54,11,286
54,11,287
54,11,288
54,11,289
54,12,285
54,12,286
54,12,287
54,12,288
54,12,289
54,13,285
54,13,286
54,13,287
54,13,288
54,13,289
54,14,285
54,14,286
54,14,287
54,14,288
54,14,289
54,15,285
54,15,286
54,15,287
54,15,288
54,15,289
54,16,285
54,16,286
54,16,287
54,16,288
54,16,289
54,17,285
54,17,286
54,17,287
54,17,288
54,17,289
54,18,285
54,18,286
54,18,287
54,18,288
54,18,289
54,19,285
54,19,286
54,19,287
54,19,288
54,19,289
55,0,290
55,1,290
55,1,291
55,2,290
55,2,291
55,2,292
55,3,290
55,3,291
55,3,292
55,3,293
55,4,290
55,4,291
55,4,292
55,4,293
55,4,294
55,5,290
55,5,291
55,5,292
55,5,293
55,5,294
55,6,290
55,6,291
55,6,292
55,6,293
55,6,294
55,7,290
55,7,291
55,7,292
55,7,293
55,7,294
55,8,290
55,8,291
55,8,292
55,8,293
55,8,294
55,9,290
55,9,291
55,9,292
55,9,293
55,9,294
55,10,290
55,10,291
55,10,292
55,10,293
55,10,294
55,11,290
55,11,291
55,11,292
55,11,293
55,11,294
55,12,290
55,12,291
55,12,292
55,12,293
55,12,294
55,13,290
55,13,291
55,13,292
55,13,293
55,13,294
55,14,290
55,14,291
55,14,292
55,14,293
55,14,294
55,15,290
55,15,291
55,15,292
55,15,293
55,15,294
55,16,290
55,16,291
55,16,292
55,16,293
55,16,294
55,17,290
55,17,291
55,17,292
55,17,293
55,17,294
56,0,295
56,1,295
56,2,295
56,3,295
56,4,295
56,5,295
56,6,295
56,7,295
56,8,295
56,9,295
56,10,295
56,11,295
56,12,295
57,0,296
57,1,296
57,1,297
57,2,296
57,2,297
57,2,298
57,3,296
57,3,297
57,3,298
57,3,299
57,4,296
57,4,297
57,4,298
57,4,299
57,4,300
57,5,296
57,5,297
57,5,298
57,5,299
57,5,300
57,5,301
57,6,296
57,6,297
57,6,298
57,6,299
57,6,300
57,6,301
57,7,296
57,7,297
57,7,298
57,7,299
57,7,300
57,7,301
57,8,296
57,8,297
57,8,298
57,8,299
57,8,300
57,8,301
57,9,296
57,9,297
57,9,298
57,9,299
57,9,300
57,9,301
57,10,296
57,10,297
57,10,298
57,10,299
57,10,300
57,10,301
57,11,296
57,11,297
57,11,298
57,11,299
57,11,300
57,11,301
57,12,296
57,12,297
57,12,298
57,12,299
57,12,300
57,12,301
57,13,296
57,13,297
57,13,298
57,13,299
57,13,300
57,13,301
57,14,296
57,14,297
57,14,298
57,14,299
57,14,300
57,14,301
57,15,296
57,15,297
57,15,298
57,15,299
57,15,300
57,15,301
57,16,296
57,16,297
57,16,298
57,16,299
57,16,300
57,16,301
57,17,296
57,17,297
57,17,298
57,17,299
57,17,300
57,17,301
57,18,296
57,18,297
57,18,298
57,18,299
57,18,300
57,18,301
57,19,296
57,19,297
57,19,298
57,19,299
57,19,300
57,19,301
57,20,296
57,20,297
57,20,298
57,20,299
57,20,300
57,20,301
57,21,296
57,21,297
57,21,298
57,21,299
57,21,300
57,21,301
57,22,296
57,22,297
57,22,298
57,22,299
57,22,300
57,22,301
57,23,296
57,23,297
57,23,298
57,23,299
57,23,300
57,23,301
58,0,302
58,1,302
58,1,303
58,2,302
58,2,303
58,2,304
58,3,302
58,3,303
58,3,304
58,3,305
58,4,302
58,4,303
58,4,304
58,4,305
58,4,306
58,5,302
58,5,303
58,5,304
58,5,305
58,5,306
58,5,307
58,6,302
58,6,303
58,6,304
58,6,305
58,6,306
58,6,307
58,6,308
58,7,302
58,7,303
58,7,304
58,7,305
58,7,306
58,7,307
58,7,308
58,8,302
58,8,303
58,8,304
58,8,305
58,8,306
58,8,307
58,8,308
58,9,302
58,9,303
58,9,304
58,9,305
58,9,306
58,9,307
58,9,308
58,10,302
58,10,303
58,10,304
58,10,305
58,10,306
58,10,307
58,10,308
58,11,302
58,11,303
58,11,304
58,11,305
58,11,306
58,11,307
58,11,308
58,12,302
58,12,303
58,12,304
58,12,305
58,12,306
58,12,307
58,12,308
58,13,302
58,13,303
58,13,304
58,13,305
58,13,306
58,13,307
58,13,308
58,14,302
58,14,303
58,14,304
58,14,305
58,14,306
58,14,307
58,14,308
58,15,302
58,15,303
58,15,304
58,15,305
58,15,306
58,15,307
58,15,308
58,16,302
58,16,303
58,16,304
58,16,305
58,16,306
58,16,307
58,16,308
58,17,302
58,17,303
58,17,304
58,17,305
58,17,306
58,17,307
58,17,308
58,18,302
58,18,303
58,18,304
58,18,305
58,18,306
58,18,307
58,18,308
58,19,302
58,19,303
58,19,304
58,19,305
58,19,306
58,19,307
58,19,308
58,20,302
58,20,303
58,20,304
58,20,305
58,20,306
58,20,307
58,20,308
59,0,309
59,1,309
59,2,309
59,3,309
59,4,309
59,5,309
59,6,309
59,7,309
59,8,309
59,9,309
59,10,309
59,11,309
59,12,309
59,13,309
59,14,309
60,0,310
60,1,310
60,1,311
60,2,310
60,2,311
60,2,312
60,3,310
60,3,311
60,3,312
60,3,313
60,4,310
60,4,311
60,4,312
60,4,313
60,4,314
60,5,310
60,5,311
60,5,312
60,5,313
60,5,314
60,5,315
60,6,310
60,6,311
60,6,312
60,6,313
60,6,314
60,6,315
60,7,310
60,7,311
60,7,312
60,7,313
60,7,314
60,7,315
60,8,310
60,8,311
60,8,312
60,8,313
60,8,314
60,8,315
60,9,310
60,9,311
60,9,312
60,9,313
60,9,314
60,9,315
60,10,310
60,10,311
60,10,312
60,10,313
60,10,314
60,10,315
60,11,310
60,11,311
60,11,312
60,11,313
60,11,314
60,11,315
60,12,310
60,12,311
60,12,312
60,12,313
60,12,314
60,12,315
60,13,310
60,13,311
60,13,312
60,13,313
60,13,314
60,13,315
60,14,310
60,14,311
60,14,312
60,14,313
60,14,314
60,14,315
60,15,310
60,15,311
60,15,312
60,15,313
60,15,314
60,15,315
60,16,310
60,16,311
60,16,312
60,16,313
60,16,314
60,16,315
60,17,310
60,17,311
60,17,312
60,17,313
60,17,314
60,17,315
60,18,310
60,18,311
60,18,312
60,18,313
60,18,314
60,18,315
60,19,310
60,19,311
60,19,312
60,19,313
60,19,314
60,19,315
60,20,310
60,20,311
60,20,312
60,20,313
60,20,314
60,20,315
60,21,310
60,21,311
60,21,312
60,21,313
60,21,314
60,21,315
61,0,316
61,1,316
61,1,317
61,2,316
61,2,317
61,2,318
61,3,316
61,3,317
61,3,318
61,3,319
61,4,316
61,4,317
61,4,318
61,4,319
61,4,320
61,5,316
61,5,317
61,5,318
61,5,319
61,5,320
61,5,321
61,6,316
61,6,317
61,6,318
61,6,319
61,6,320
61,6,321
61,6,322
61,7,316
61,7,317
61,7,318
61,7,319
61,7,320
61,7,321
61,7,322
61,7,323
61,8,316
61,8,317
61,8,318
61,8,319
61,8,320
61,8,321
61,8,322
61,8,323
61,8,324
61,9,316
61,9,317
61,9,318
61,9,319
61,9,320
61,9,321
61,9,322
61,9,323
61,9,324
61,10,316
61,10,317
61,10,318
61,10,319
61,10,320
61,10,321
61,10,322
61,10,323
61,10,324
61,11,316
61,11,317
61,11,318
61,11,319
61,11,320
61,11,321
61,11,322
61,11,323
61,11,324
61,12,316
61,12,317
61,12,318
61,12,319
61,12,320
61,12,321
61,12,322
61,12,323
61,12,324
61,13,316
61,13,317
61,13,318
61,13,319
61,13,320
61,13,321
61,13,322
61,13,323
61,13,324
61,14,316
61,14,317
61,14,318
61,14,319
61,14,320
61,14,321
61,14,322
61,14,323
61,14,324
61,15,316
61,15,317
61,15,318
61,15,319
61,15,320
61,15,321
61,15,322
61,15,323
61,15,324
61,16,316
61,16,317
61,16,318
61,16,319
61,16,320
61,16,321
61,16,322
61,16,323
61,16,324
61,17,316
61,17,317
61,17,318
61,17,319
61,17,320
61,17,321
61,17,322
61,17,323
61,17,324
61,18,316
61,18,317
61,18,318
61,18,319
61,18,320
61,18,321
61,18,322
61,18,323
61,18,324
61,19,316
61,19,317
61,19,318
61,19,319
61,19,320
61,19,321
61,19,322
61,19,323
61,19,324
62,0,325
62,1,325
62,1,326
62,2,325
62,2,326
62,2,327
62,3,325
62,3,326
62,3,327
62,3,328
62,4,325
62,4,326
62,4,327
62,4,328
62,4,329
62,5,325
62,5,326
62,5,327
62,5,328
62,5,329
62,5,330
62,6,325
62,6,326
62,6,327
62,6,328
62,6,329
62,6,330
62,6,331
62,7,325
62,7,326
62,7,327
62,7,328
62,7,329
62,7,330
62,7,331
62,7,332
62,8,325
62,8,326
62,8,327
62,8,328
62,8,329
62,8,330
62,8,331
62,8,332
62,8,333
62,9,325
62,9,326
62,9,327
62,9,328
62,9,329
62,9,330
62,9,331
62,9,332
62,9,333
62,10,325
62,10,326
62,10,327
62,10,328
62,10,329
62,10,330
62,10,331
62,10,332
62,10,333
62,11,325
62,11,326
62,11,327
62,11,328
62,11,329
62,11,330
62,11,331
62,11,332
62,11,333
62,12,325
62,12,326
62,12,327
62,12,328
62,12,329
62,12,330
62,12,331
62,12,332
62,12,333
62,13,325
62,13,326
62,13,327
62,13,328
62,13,329
62,13,330
62,13,331
62,13,332
62,13,333
62,14,325
62,14,326
62,14,327
62,14,328
62,14,329
62,14,330
62,14,331
62,14,332
62,14,333
62,15,325
62,15,326
62,15,327
62,15,328
62,15,329
62,15,330
62,15,331
62,15,332
62,15,333
62,16,325
62,16,326
62,16,327
62,16,328
62,16,329
62,16,330
62,16,331
62,16,332
62,16,333
62,17,325
62,17,326
62,17,327
62,17,328
62,17,329
62,17,330
62,17,331
62,17,332
62,17,333
63,0,334
63,1,334
63,1,335
63,2,334
63,2,335
63,2,336
63,3,334
63,3,335
63,3,336
63,4,334
63,4,335
63,4,336
63,5,334
63,5,335
63,5,336
63,6,334
63,6,335
63,6,336
63,7,334
63,7,335
63,7,336
63,8,334
63,8,335
63,8,336
63,9,334
63,9,335
63,9,336
63,10,334
63,10,335
63,10,336
63,11,334
63,11,335
63,11,336
63,12,334
63,12,335
63,12,336
63,13,334
63,13,335
63,13,336
63,14,334
63,14,335
63,14,336
63,15,334
63,15,335
63,15,336
63,16,334
63,16,335
63,16,336
63,17,334
63,17,335
63,17,336
63,18,334
63,18,335
63,18,336
64,0,337
64,1,337
64,1,338
64,2,337
64,2,338
64,3,337
64,3,338
64,4,337
64,4,338
64,5,337
64,5,338
64,6,337
64,6,338
64,7,337
64,7,338
64,8,337
64,8,338
64,9,337
64,9,338
64,10,337
64,10,338
64,11,337
64,11,338
64,12,337
64,12,338
64,13,337
64,13,338
64,14,337
64,14,338
64,15,337
64,15,338
64,16,337
64,16,338
65,0,339
65,1,339
65,1,340
65,2,339
65,2,340
65,2,341
65,3,339
65,3,340
65,3,341
65,3,342
65,4,339
65,4,340
65,4,341
65,4,342
65,5,339
65,5,340
65,5,341
65,5,342
65,6,339
65,6,340
65,6,341
65,6,342
65,7,339
65,7,340
65,7,341
65,7,342
65,8,339
65,8,340
65,8,341
65,8,342
65,9,339
65,9,340
65,9,341
65,9,342
65,10,339
65,10,340
65,10,341
65,10,342
65,11,339
65,11,340
65,11,341
65,11,342
65,12,339
65,12,340
65,12,341
65,12,342
65,13,339
65,13,340
65,13,341
65,13,342
65,14,339
65,14,340
65,14,341
65,14,342
65,15,339
65,15,340
65,15,341
65,15,342
65,16,339
65,16,340
65,16,341
65,16,342
65,17,339
65,17,340
65,17,341
65,17,342
66,0,343
66,1,343
66,1,344
66,2,343
66,2,344
66,2,345
66,3,343
66,3,344
66,3,345
66,3,346
66,4,343
66,4,344
66,4,345
66,4,346
66,4,347
66,5,343
66,5,344
66,5,345
66,5,346
66,5,347
66,5,348
66,6,343
66,6,344
66,6,345
66,6,346
66,6,347
66,6,348
66,7,343
66,7,344
66,7,345
66,7,346
66,7,347
66,7,348
66,8,343
66,8,344
66,8,345
66,8,346
66,8,347
66,8,348
66,9,343
66,9,344
66,9,345
66,9,346
66,9,347
66,9,348
66,10,343
66,10,344
66,10,345
66,10,346
66,10,347
66,10,348
66,11,343
66,11,344
66,11,345
66,11,346
66,11,347
66,11,348
66,12,343
66,12,344
66,12,345
66,12,346
66,12,347
66,12,348
66,13,343
66,13,344
66,13,345
66,13,346
66,13,347
66,13,348
66,14,343
66,14,344
66,14,345
66,14,346
66,14,347
66,14,348
66,15,343
66,15,344
66,15,345
66,15,346
66,15,347
66,15,348
66,16,343
66,16,344
66,16,345
66,16,346
66,16,347
66,16,348
66,17,343
66,17,344
66,17,345
66,17,346
66,17,347
66,17,348
66,18,343
66,18,344
66,18,345
66,18,346
66,18,347
66,18,348
66,19,343
66,19,344
66,19,345
66,19,346
66,19,347
66,19,348
66,20,343
66,20,344
66,20,345
66,20,346
66,20,347
66,20,348
66,21,343
66,21,344
66,21,345
66,21,346
66,21,347
66,21,348
67,0,349
67,1,349
67,1,350
67,2,349
67,2,350
67,2,351
67,3,349
67,3,350
67,3,351
67,3,352
67,4,349
67,4,350
67,4,351
67,4,352
67,4,353
67,5,349
67,5,350
67,5,351
67,5,352
67,5,353
67,5,354
67,6,349
67,6,350
67,6,351
67,6,352
67,6,353
67,6,354
67,6,355
67,7,349
67,7,350
67,7,351
67,7,352
67,7,353
67,7,354
67,7,355
67,7,356
67,8,349
67,8,350
67,8,351
67,8,352
67,8,353
67,8,354
67,8,355
67,8,356
67,8,357
67,9,349
67,9,350
67,9,351
67,9,352
67,9,353
67,9,354
67,9,355
67,9,356
67,9,357
67,10,349
67,10,350
67,10,351
67,10,352
67,10,353
67,10,354
67,10,355
67,10,356
67,10,357
67,11,349
67,11,350
67,11,351
67,11,352
67,11,353
67,11,354
67,11,355
67,11,356
67,11,357
67,12,349
67,12,350
67,12,351
67,12,352
67,12,353
67,12,354
67,12,355
67,12,356
67,12,357
67,13,349
67,13,350
67,13,351
67,13,352
67,13,353
67,13,354
67,13,355
67,13,356
67,13,357
67,14,349
67,14,350
67,14,351
67,14,352
67,14,353
67,14,354
67,14,355
67,14,356
67,14,357
67,15,349
67,15,350
67,15,351
67,15,352
67,15,353
67,15,354
67,15,355
67,15,356
67,15,357
67,16,349
67,16,350
67,16,351
67,16,352
67,16,353
67,16,354
67,16,355
67,16,356
67,16,357
67,17,349
67,17,350
67,17,351
67,17,352
67,17,353
67,17,354
67,17,355
67,17,356
67,17,357
67,18,349
67,18,350
67,18,351
67,18,352
67,18,353
67,18,354
67,18,355
67,18,356
67,18,357
67,19,349
67,19,350
67,19,351
67,19,352
67,19,353
67,19,354
67,19,355
67,19,356
67,19,357
68,0,358
68,1,358
68,1,359
68,2,358
68,2,359
68,2,360
68,3,358
68,3,359
68,3,360
68,3,361
68,4,358
68,4,359
68,4,360
68,4,361
68,4,362
68,5,358
68,5,359
68,5,360
68,5,361
68,5,362
68,5,363
68,6,358
68,6,359
68,6,360
68,6,361
68,6,362
68,6,363
68,6,364
68,7,358
68,7,359
68,7,360
68,7,361
68,7,362
68,7,363
68,7,364
68,7,365
68,8,358
68,8,359
68,8,360
68,8,361
68,8,362
68,8,363
68,8,364
68,8,365
68,8,366
68,9,358
68,9,359
68,9,360
68,9,361
68,9,362
68,9,363
68,9,364
68,9,365
68,9,366
68,10,358
68,10,359
68,10,360
68,10,361
68,10,362
68,10,363
68,10,364
68,10,365
68,10,366
68,11,358
68,11,359
68,11,360
68,11,361
68,11,362
68,11,363
68,11,364
68,11,365
68,11,366
68,12,358
68,12,359
68,12,360
68,12,361
68,12,362
68,12,363
68,12,364
68,12,365
68,12,366
68,13,358
68,13,359
68,13,360
68,13,361
68,13,362
68,13,363
68,13,364
68,13,365
68,13,366
68,14,358
68,14,359
68,14,360
68,14,361
68,14,362
68,14,363
68,14,364
68,14,365
68,14,366
68,15,358
68,15,359
68,15,360
68,15,361
68,15,362
68,15,363
68,15,364
68,15,365
68,15,366
68,16,358
68,16,359
68,16,360
68,16,361
68,16,362
68,16,363
68,16,364
68,16,365
68,16,366
68,17,358
68,17,359
68,17,360
68,17,361
68,17,362
68,17,363
68,17,364
68,17,365
68,17,366
69,0,367
69,1,367
69,1,368
69,2,367
69,2,368
69,2,369
69,3,367
69,3,368
69,3,369
69,3,370
69,4,367
69,4,368
69,4,369
69,4,370
69,5,367
69,5,368
69,5,369
69,5,370
69,6,367
69,6,368
69,6,369
69,6,370
69,7,367
69,7,368
69,7,369
69,7,370
69,8,367
69,8,368
69,8,369
69,8,370
69,9,367
69,9,368
69,9,369
69,9,370
69,10,367
69,10,368
69,10,369
69,10,370
69,11,367
69,11,368
69,11,369
69,11,370
69,12,367
69,12,368
69,12,369
69,12,370
69,13,367
69,13,368
69,13,369
69,13,370
69,14,367
69,14,368
69,14,369
69,14,370
70,0,371
70,1,371
70,1,372
70,2,371
70,2,372
70,2,373
70,3,371
70,3,372
70,3,373
70,3,374
70,4,371
70,4,372
70,4,373
70,4,374
70,5,371
70,5,372
70,5,373
70,5,374
70,6,371
70,6,372
70,6,373
70,6,374
70,7,371
70,7,372
70,7,373
70,7,374
70,8,371
70,8,372
70,8,373
70,8,374
70,9,371
70,9,372
70,9,373
70,9,374
70,10,371
70,10,372
70,10,373
70,10,374
70,11,371
70,11,372
70,11,373
70,11,374
70,12,371
70,12,372
70,12,373
70,12,374
71,0,375
71,1,375
71,1,376
71,2,375
71,2,376
71,2,377
71,3,375
71,3,376
71,3,377
71,3,378
71,4,375
71,4,376
71,4,377
71,4,378
71,5,375
71,5,376
71,5,377
71,5,378
71,6,375
71,6,376
71,6,377
71,6,378
71,7,375
71,7,376
71,7,377
71,7,378
71,8,375
71,8,376
71,8,377
71,8,378
71,9,375
71,9,376
71,9,377
71,9,378
71,10,375
71,10,376
71,10,377
71,10,378
71,11,375
71,11,376
71,11,377
71,11,378
72,0,379
72,1,379
72,1,380
72,2,379
72,2,380
72,2,381
72,3,379
72,3,380
72,3,381
72,4,379
72,4,380
72,4,381
72,5,379
72,5,380
72,5,381
72,6,379
72,6,380
72,6,381
72,7,379
72,7,380
72,7,381
72,8,379
72,8,380
72,8,381
72,9,379
72,9,380
72,9,381
72,10,379
72,10,380
72,10,381
72,11,379
72,11,380
72,11,381
72,12,379
72,12,380
72,12,381
72,13,379
72,13,380
72,13,381
73,0,382
73,1,382
73,1,383
73,2,382
73,2,383
73,2,384
73,3,382
73,3,383
73,3,384
73,3,385
73,4,382
73,4,383
73,4,384
73,4,385
73,4,386
73,5,382
73,5,383
73,5,384
73,5,385
73,5,386
73,5,387
73,6,382
73,6,383
73,6,384
73,6,385
73,6,386
73,6,387
73,7,382
73,7,383
73,7,384
73,7,385
73,7,386
73,7,387
73,8,382
73,8,383
73,8,384
73,8,385
73,8,386
73,8,387
73,9,382
73,9,383
73,9,384
73,9,385
73,9,386
73,9,387
73,10,382
73,10,383
73,10,384
73,10,385
73,10,386
73,10,387
73,11,382
73,11,383
73,11,384
73,11,385
73,11,386
73,11,387
73,12,382
73,12,383
73,12,384
73,12,385
73,12,386
73,12,387
73,13,382
73,13,383
73,13,384
73,13,385
73,13,386
73,13,387
74,0,388
74,1,388
74,1,389
74,2,388
74,2,389
74,2,390
74,3,388
74,3,389
74,3,390
74,3,391
74,4,388
74,4,389
74,4,390
74,4,391
74,4,392
74,5,388
74,5,389
74,5,390
74,5,391
74,5,392
74,5,393
74,6,388
74,6,389
74,6,390
74,6,391
74,6,392
74,6,393
74,7,388
74,7,389
74,7,390
74,7,391
74,7,392
74,7,393
74,8,388
74,8,389
74,8,390
74,8,391
74,8,392
74,8,393
74,9,388
74,9,389
74,9,390
74,9,391
74,9,392
74,9,393
74,10,388
74,10,389
74,10,390
74,10,391
74,10,392
74,10,393
74,11,388
74,11,389
74,11,390
74,11,391
74,11,392
74,11,393
75,0,394
75,1,394
75,1,395
75,2,394
75,2,395
75,2,396
75,3,394
75,3,395
75,3,396
75,3,397
75,4,394
75,4,395
75,4,396
75,4,397
75,4,398
75,5,394
75,5,395
75,5,396
75,5,397
75,5,398
75,6,394
75,6,395
75,6,396
75,6,397
75,6,398
75,7,394
75,7,395
75,7,396
75,7,397
75,7,398
75,8,394
75,8,395
75,8,396
75,8,397
75,8,398
75,9,394
75,9,395
75,9,396
75,9,397
75,9,398
75,10,394
75,10,395
75,10,396
75,10,397
75,10,398
75,11,394
75,11,395
75,11,396
75,11,397
75,11,398
75,12,394
75,12,395
75,12,396
75,12,397
75,12,398
75,13,394
75,13,395
75,13,396
75,13,397
75,13,398
76,0,399
76,1,399
76,1,400
76,2,399
76,2,400
76,2,401
76,3,399
76,3,400
76,3,401
76,4,399
76,4,400
76,4,401
76,5,399
76,5,400
76,5,401
76,6,399
76,6,400
76,6,401
76,7,399
76,7,400
76,7,401
76,8,399
76,8,400
76,8,401
76,9,399
76,9,400
76,9,401
76,10,399
76,10,400
76,10,401
77,0,402
77,1,402
77,2,402
77,3,402
77,4,402
77,5,402
77,6,402
77,7,402
78,0,403
78,1,403
78,1,404
78,2,403
78,2,404
78,2,405
78,3,403
78,3,404
78,3,405
78,3,406
78,4,403
78,4,404
78,4,405
78,4,406
78,4,407
78,5,403
78,5,404
78,5,405
78,5,406
78,5,407
78,5,408
78,6,403
78,6,404
78,6,405
78,6,406
78,6,407
78,6,408
78,6,409
78,7,403
78,7,404
78,7,405
78,7,406
78,7,407
78,7,408
78,7,409
78,7,410
78,8,403
78,8,404
78,8,405
78,8,406
78,8,407
78,8,408
78,8,409
78,8,410
78,8,411
78,9,403
78,9,404
78,9,405
78,9,406
78,9,407
78,9,408
78,9,409
78,9,410
78,9,411
78,10,403
78,10,404
78,10,405
78,10,406
78,10,407
78,10,408
78,10,409
78,10,410
78,10,411
78,11,403
78,11,404
78,11,405
78,11,406
78,11,407
78,11,408
78,11,409
78,11,410
78,11,411
78,12,403
78,12,404
78,12,405
78,12,406
78,12,407
78,12,408
78,12,409
78,12,410
78,12,411
78,13,403
78,13,404
78,13,405
78,13,406
78,13,407
78,13,408
78,13,409
78,13,410
78,13,411
78,14,403
78,14,404
78,14,405
78,14,406
78,14,407
78,14,408
78,14,409
78,14,410
78,14,411
78,15,403
78,15,404
78,15,405
78,15,406
78,15,407
78,15,408
78,15,409
78,15,410
78,15,411
78,16,403
78,16,404
78,16,405
78,16,406
78,16,407
78,16,408
78,16,409
78,16,410
78,16,411
79,0,412
79,1,412
79,1,413
79,2,412
79,2,413
79,3,412
79,3,413
79,4,412
79,4,413
79,5,412
79,5,413
79,6,412
79,6,413
79,7,412
79,7,413
79,8,412
79,8,413
80,0,414
80,1,414
80,1,415
80,2,414
80,2,415
80,2,416
80,3,414
80,3,415
80,3,416
80,3,417
80,4,414
80,4,415
80,4,416
80,4,417
80,4,418
80,5,414
80,5,415
80,5,416
80,5,417
80,5,418
80,5,419
80,6,414
80,6,415
80,6,416
80,6,417
80,6,418
80,6,419
80,7,414
80,7,415
80,7,416
80,7,417
80,7,418
80,7,419
80,8,414
80,8,415
80,8,416
80,8,417
80,8,418
80,8,419
80,9,414
80,9,415
80,9,416
80,9,417
80,9,418
80,9,419
80,10,414
80,10,415
80,10,416
80,10,417
80,10,418
80,10,419
81,0,420
81,1,420
81,2,420
81,3,420
81,4,420
81,5,420
81,6,420
81,7,420
81,8,420
81,9,420
81,10,420
81,11,420
81,12,420
81,13,420
82,0,421
82,1,421
82,1,422
82,2,421
82,2,422
82,3,421
82,3,422
82,4,421
82,4,422
82,5,421
82,5,422
82,6,421
82,6,422
82,7,421
82,7,422
82,8,421
82,8,422
82,9,421
82,9,422
82,10,421
82,10,422
82,11,421
82,11,422
82,12,421
82,12,422
82,13,421
82,13,422
83,0,423
83,1,423
83,1,424
83,2,423
83,2,424
83,2,425
83,3,423
83,3,424
83,3,425
83,3,426
83,4,423
83,4,424
83,4,425
83,4,426
83,4,427
83,5,423
83,5,424
83,5,425
83,5,426
83,5,427
83,5,428
83,6,423
83,6,424
83,6,425
83,6,426
83,6,427
83,6,428
83,6,429
83,7,423
83,7,424
83,7,425
83,7,426
83,7,427
83,7,428
83,7,429
83,7,430
83,8,423
83,8,424
83,8,425
83,8,426
83,8,427
83,8,428
83,8,429
83,8,430
83,8,431
83,9,423
83,9,424
83,9,425
83,9,426
83,9,427
83,9,428
83,9,429
83,9,430
83,9,431
83,10,423
83,10,424
83,10,425
83,10,426
83,10,427
83,10,428
83,10,429
83,10,430
83,10,431
83,11,423
83,11,424
83,11,425
83,11,426
83,11,427
83,11,428
83,11,429
83,11,430
83,11,431
83,12,423
83,12,424
83,12,425
83,12,426
83,12,427
83,12,428
83,12,429
83,12,430
83,12,431
83,13,423
83,13,424
83,13,425
83,13,426
83,13,427
83,13,428
83,13,429
83,13,430
83,13,431
83,14,423
83,14,424
83,14,425
83,14,426
83,14,427
83,14,428
83,14,429
83,14,430
83,14,431
83,15,423
83,15,424
83,15,425
83,15,426
83,15,427
83,15,428
83,15,429
83,15,430
83,15,431
83,16,423
83,16,424
83,16,425
83,16,426
83,16,427
83,16,428
83,16,429
83,16,430
83,16,431
83,17,423
83,17,424
83,17,425
83,17,426
83,17,427
83,17,428
83,17,429
83,17,430
83,17,431
83,18,423
83,18,424
83,18,425
83,18,426
83,18,427
83,18,428
83,18,429
83,18,430
83,18,431
84,0,432
84,1,432
84,1,433
84,2,432
84,2,433
84,2,434
84,3,432
84,3,433
84,3,434
84,3,435
84,4,432
84,4,433
84,4,434
84,4,435
84,4,436
84,5,432
84,5,433
84,5,434
84,5,435
84,5,436
84,5,437
84,6,432
84,6,433
84,6,434
84,6,435
84,6,436
84,6,437
84,6,438
84,7,432
84,7,433
84,7,434
84,7,435
84,7,436
84,7,437
84,7,438
84,8,432
84,8,433
84,8,434
84,8,435
84,8,436
84,8,437
84,8,438
84,9,432
84,9,433
84,9,434
84,9,435
84,9,436
84,9,437
84,9,438
84,10,432
84,10,433
84,10,434
84,10,435
84,10,436
84,10,437
84,10,438
84,11,432
84,11,433
84,11,434
84,11,435
84,11,436
84,11,437
84,11,438
84,12,432
84,12,433
84,12,434
84,12,435
84,12,436
84,12,437
84,12,438
84,13,432
84,13,433
84,13,434
84,13,435
84,13,436
84,13,437
84,13,438
84,14,432
84,14,433
84,14,434
84,14,435
84,14,436
84,14,437
84,14,438
84,15,432
84,15,433
84,15,434
84,15,435
84,15,436
84,15,437
84,15,438
84,16,432
84,16,433
84,16,434
84,16,435
84,16,436
84,16,437
84,16,438
84,17,432
84,17,433
84,17,434
84,17,435
84,17,436
84,17,437
84,17,438
84,18,432
84,18,433
84,18,434
84,18,435
84,18,436
84,18,437
84,18,438
85,0,439
85,1,439
85,1,440
85,2,439
85,2,440
85,2,441
85,3,439
85,3,440
85,3,441
85,3,442
85,4,439
85,4,440
85,4,441
85,4,442
85,4,443
85,5,439
85,5,440
85,5,441
85,5,442
85,5,443
85,5,444
85,6,439
85,6,440
85,6,441
85,6,442
85,6,443
85,6,444
85,6,445
85,7,439
85,7,440
85,7,441
85,7,442
85,7,443
85,7,444
85,7,445
85,8,439
85,8,440
85,8,441
85,8,442
85,8,443
85,8,444
85,8,445
85,9,439
85,9,440
85,9,441
85,9,442
85,9,443
85,9,444
85,9,445
85,10,439
85,10,440
85,10,441
85,10,442
85,10,443
85,10,444
85,10,445
85,11,439
85,11,440
85,11,441
85,11,442
85,11,443
85,11,444
85,11,445
85,12,439
85,12,440
85,12,441
85,12,442
85,12,443
85,12,444
85,12,445
85,13,439
85,13,440
85,13,441
85,13,442
85,13,443
85,13,444
85,13,445
85,14,439
85,14,440
85,14,441
85,14,442
85,14,443
85,14,444
85,14,445
85,15,439
85,15,440
85,15,441
85,15,442
85,15,443
85,15,444
85,15,445
86,0,446
86,1,446
86,1,447
86,2,446
86,2,447
86,2,448
86,3,446
86,3,447
86,3,448
86,3,449
86,4,446
86,4,447
86,4,448
86,4,449
86,4,450
86,5,446
86,5,447
86,5,448
86,5,449
86,5,450
86,5,451
86,6,446
86,6,447
86,6,448
86,6,449
86,6,450
86,6,451
86,7,446
86,7,447
86,7,448
86,7,449
86,7,450
86,7,451
86,8,446
86,8,447
86,8,448
86,8,449
86,8,450
86,8,451
86,9,446
86,9,447
86,9,448
86,9,449
86,9,450
86,9,451
86,10,446
86,10,447
86,10,448
86,10,449
86,10,450
86,10,451
86,11,446
86,11,447
86,11,448
86,11,449
86,11,450
86,11,451
86,12,446
86,12,447
86,12,448
86,12,449
86,12,450
86,12,451
87,0,452
87,1,452
87,2,452
87,3,452
87,4,452
87,5,452
87,6,452
87,7,452
87,8,452
87,9,452
87,10,452
87,11,452
87,12,452
88,0,453
88,1,453
88,1,454
88,2,453
88,2,454
88,2,455
88,3,453
88,3,454
88,3,455
88,3,456
88,4,453
88,4,454
88,4,455
88,4,456
88,4,457
88,5,453
88,5,454
88,5,455
88,5,456
88,5,457
88,5,458
88,6,453
88,6,454
88,6,455
88,6,456
88,6,457
88,6,458
88,6,459
88,7,453
88,7,454
88,7,455
88,7,456
88,7,457
88,7,458
88,7,459
88,7,460
88,8,453
88,8,454
88,8,455
88,8,456
88,8,457
88,8,458
88,8,459
88,8,460
88,9,453
88,9,454
88,9,455
88,9,456
88,9,457
88,9,458
88,9,459
88,9,460
88,10,453
88,10,454
88,10,455
88,10,456
88,10,457
88,10,458
88,10,459
88,10,460
88,11,453
88,11,454
88,11,455
88,11,456
88,11,457
88,11,458
88,11,459
88,11,460
88,12,453
88,12,454
88,12,455
88,12,456
88,12,457
88,12,458
88,12,459
88,12,460
88,13,453
88,13,454
88,13,455
88,13,456
88,13,457
88,13,458
88,13,459
88,13,460
88,14,453
88,14,454
88,14,455
88,14,456
88,14,457
88,14,458
88,14,459
88,14,460
88,15,453
88,15,454
88,15,455
88,15,456
88,15,457
88,15,458
88,15,459
88,15,460
88,16,453
88,16,454
88,16,455
88,16,456
88,16,457
88,16,458
88,16,459
88,16,460
89,0,461
89,1,461
89,1,462
89,2,461
89,2,462
89,2,463
89,3,461
89,3,462
89,3,463
89,3,464
89,4,461
89,4,462
89,4,463
89,4,464
89,5,461
89,5,462
89,5,463
89,5,464
89,6,461
89,6,462
89,6,463
89,6,464
89,7,461
89,7,462
89,7,463
89,7,464
89,8,461
89,8,462
89,8,463
89,8,464
89,9,461
89,9,462
89,9,463
89,9,464
89,10,461
89,10,462
89,10,463
89,10,464
89,11,461
89,11,462
89,11,463
89,11,464
90,0,465
90,1,465
90,1,466
90,2,465
90,2,466
90,2,467
90,3,465
90,3,466
90,3,467
90,3,468
90,4,465
90,4,466
90,4,467
90,4,468
90,4,469
90,5,465
90,5,466
90,5,467
90,5,468
90,5,469
90,5,470
90,6,465
90,6,466
90,6,467
90,6,468
90,6,469
90,6,470
90,6,471
90,7,465
90,7,466
90,7,467
90,7,468
90,7,469
90,7,470
90,7,471
90,7,472
90,8,465
90,8,466
90,8,467
90,8,468
90,8,469
90,8,470
90,8,471
90,8,472
90,8,473
90,9,465
90,9,466
90,9,467
90,9,468
90,9,469
90,9,470
90,9,471
90,9,472
90,9,473
90,10,465
90,10,466
90,10,467
90,10,468
90,10,469
90,10,470
90,10,471
90,10,472
90,10,473
90,11,465
90,11,466
90,11,467
90,11,468
90,11,469
90,11,470
90,11,471
90,11,472
90,11,473
90,12,465
90,12,466
90,12,467
90,12,468
90,12,469
90,12,470
90,12,471
90,12,472
90,12,473
90,13,465
90,13,466
90,13,467
90,13,468
90,13,469
90,13,470
90,13,471
90,13,472
90,13,473
90,14,465
90,14,466
90,14,467
90,14,468
90,14,469
90,14,470
90,14,471
90,14,472
90,14,473
90,15,465
90,15,466
90,15,467
90,15,468
90,15,469
90,15,470
90,15,471
90,15,472
90,15,473
90,16,465
90,16,466
90,16,467
90,16,468
90,16,469
90,16,470
90,16,471
90,16,472
90,16,473
90,17,465
90,17,466
90,17,467
90,17,468
90,17,469
90,17,470
90,17,471
90,17,472
90,17,473
90,18,465
90,18,466
90,18,467
90,18,468
90,18,469
90,18,470
90,18,471
90,18,472
90,18,473
90,19,465
90,19,466
90,19,467
90,19,468
90,19,469
90,19,470
90,19,471
90,19,472
90,19,473
91,0,474
91,1,474
91,1,475
91,2,474
91,2,475
91,3,474
91,3,475
91,4,474
91,4,475
91,5,474
91,5,475
91,6,474
91,6,475
91,7,474
91,7,475
91,8,474
91,8,475
91,9,474
91,9,475
91,10,474
91,10,475
91,11,474
91,11,475
92,0,476
92,1,476
92,1,477
92,2,476
92,2,477
92,2,478
92,3,476
92,3,477
92,3,478
92,3,479
92,4,476
92,4,477
92,4,478
92,4,479
92,4,480
92,5,476
92,5,477
92,5,478
92,5,479
92,5,480
92,5,481
92,6,476
92,6,477
92,6,478
92,6,479
92,6,480
92,6,481
92,6,482
92,7,476
92,7,477
92,7,478
92,7,479
92,7,480
92,7,481
92,7,482
92,7,483
92,8,476
92,8,477
92,8,478
92,8,479
92,8,480
92,8,481
92,8,482
92,8,483
92,9,476
92,9,477
92,9,478
92,9,479
92,9,480
92,9,481
92,9,482
92,9,483
92,10,476
92,10,477
92,10,478
92,10,479
92,10,480
92,10,481
92,10,482
92,10,483
92,11,476
92,11,477
92,11,478
92,11,479
92,11,480
92,11,481
92,11,482
92,11,483
92,12,476
92,12,477
92,12,478
92,12,479
92,12,480
92,12,481
92,12,482
92,12,483
92,13,476
92,13,477
92,13,478
92,13,479
92,13,480
92,13,481
92,13,482
92,13,483
92,14,476
92,14,477
92,14,478
92,14,479
92,14,480
92,14,481
92,14,482
92,14,483
92,15,476
92,15,477
92,15,478
92,15,479
92,15,480
92,15,481
92,15,482
92,15,483
93,0,484
93,1,484
93,1,485
93,2,484
93,2,485
93,2,486
93,3,484
93,3,485
93,3,486
93,3,487
93,4,484
93,4,485
93,4,486
93,4,487
93,4,488
93,5,484
93,5,485
93,5,486
93,5,487
93,5,488
93,5,489
93,6,484
93,6,485
93,6,486
93,6,487
93,6,488
93,6,489
93,6,490
93,7,484
93,7,485
93,7,486
93,7,487
93,7,488
93,7,489
93,7,490
93,7,491
93,8,484
93,8,485
93,8,486
93,8,487
93,8,488
93,8,489
93,8,490
93,8,491
93,9,484
93,9,485
93,9,486
93,9,487
93,9,488
93,9,489
93,9,490
93,9,491
93,10,484
93,10,485
93,10,486
93,10,487
93,10,488
93,10,489
93,10,490
93,10,491
93,11,484
93,11,485
93,11,486
93,11,487
93,11,488
93,11,489
93,11,490
93,11,491
93,12,484
93,12,485
93,12,486
93,12,487
93,12,488
93,12,489
93,12,490
93,12,491
93,13,484
93,13,485
93,13,486
93,13,487
93,13,488
93,13,489
93,13,490
93,13,491
93,14,484
93,14,485
93,14,486
93,14,487
93,14,488
93,14,489
93,14,490
93,14,491
93,15,484
93,15,485
93,15,486
93,15,487
93,15,488
93,15,489
93,15,490
93,15,491
93,16,484
93,16,485
93,16,486
93,16,487
93,16,488
93,16,489
93,16,490
93,16,491
93,17,484
93,17,485
93,17,486
93,17,487
93,17,488
93,17,489
93,17,490
93,17,491
94,0,492
94,1,492
94,1,493
94,2,492
94,2,493
94,2,494
94,3,492
94,3,493
94,3,494
94,3,495
94,4,492
94,4,493
94,4,494
94,4,495
94,4,496
94,5,492
94,5,493
94,5,494
94,5,495
94,5,496
94,5,497
94,6,492
94,6,493
94,6,494
94,6,495
94,6,496
94,6,497
94,7,492
94,7,493
94,7,494
94,7,495
94,7,496
94,7,497
94,8,492
94,8,493
94,8,494
94,8,495
94,8,496
94,8,497
94,9,492
94,9,493
94,9,494
94,9,495
94,9,496
94,9,497
94,10,492
94,10,493
94,10,494
94,10,495
94,10,496
94,10,497
94,11,492
94,11,493
94,11,494
94,11,495
94,11,496
94,11,497
94,12,492
94,12,493
94,12,494
94,12,495
94,12,496
94,12,497
95,0,498
95,1,498
95,1,499
95,2,498
95,2,499
95,2,500
95,3,498
95,3,499
95,3,500
95,3,501
95,4,498
95,4,499
95,4,500
95,4,501
95,4,502
95,5,498
95,5,499
95,5,500
95,5,501
95,5,502
95,5,503
95,6,498
95,6,499
95,6,500
95,6,501
95,6,502
95,6,503
95,6,504
95,7,498
95,7,499
95,7,500
95,7,501
95,7,502
95,7,503
95,7,504
95,8,498
95,8,499
95,8,500
95,8,501
95,8,502
95,8,503
95,8,504
95,9,498
95,9,499
95,9,500
95,9,501
95,9,502
95,9,503
95,9,504
95,10,498
95,10,499
95,10,500
95,10,501
95,10,502
95,10,503
95,10,504
95,11,498
95,11,499
95,11,500
95,11,501
95,11,502
95,11,503
95,11,504
96,0,505
96,1,505
96,1,506
96,2,505
96,2,506
96,3,505
96,3,506
96,4,505
96,4,506
96,5,505
96,5,506
96,6,505
96,6,506
96,7,505
96,7,506
96,8,505
96,8,506
97,0,507
97,1,507
97,1,508
97,2,507
97,2,508
97,2,509
97,3,507
97,3,508
97,3,509
97,3,510
97,4,507
97,4,508
97,4,509
97,4,510
97,4,511
97,5,507
97,5,508
97,5,509
97,5,510
97,5,511
97,5,512
97,6,507
97,6,508
97,6,509
97,6,510
97,6,511
97,6,512
97,6,513
97,7,507
97,7,508
97,7,509
97,7,510
97,7,511
97,7,512
97,7,513
97,7,514
97,8,507
97,8,508
97,8,509
97,8,510
97,8,511
97,8,512
97,8,513
97,8,514
97,9,507
97,9,508
97,9,509
97,9,510
97,9,511
97,9,512
97,9,513
97,9,514
97,10,507
97,10,508
97,10,509
97,10,510
97,10,511
97,10,512
97,10,513
97,10,514
97,11,507
97,11,508
97,11,509
97,11,510
97,11,511
97,11,512
97,11,513
97,11,514
98,0,515
98,1,515
98,1,516
98,2,515
98,2,516
98,2,517
98,3,515
98,3,516
98,3,517
98,3,518
98,4,515
98,4,516
98,4,517
98,4,518
98,4,519
98,5,515
98,5,516
98,5,517
98,5,518
98,5,519
98,6,515
98,6,516
98,6,517
98,6,518
98,6,519
99,0,520
99,1,520
99,1,521
99,2,520
99,2,521
99,2,522
99,3,520
99,3,521
99,3,522
99,3,523
99,4,520
99,4,521
99,4,522
99,4,523
99,4,524
99,5,520
99,5,521
99,5,522
99,5,523
99,5,524
99,5,525
99,6,520
99,6,521
99,6,522
99,6,523
99,6,524
99,6,525
99,6,526
99,7,520
99,7,521
99,7,522
99,7,523
99,7,524
99,7,525
99,7,526
99,7,527
99,8,520
99,8,521
99,8,522
99,8,523
99,8,524
99,8,525
99,8,526
99,8,527
99,8,528
